PortfolioName,AssetTicker,Weight
USD LowVol Full,LHTRYIN,0.62
USD LowVol Full,LHYIELD,0.1
USD LowVol Full,FRUS1GR,0.0352
USD LowVol Full,FRUS1VA,0.0352
USD LowVol Full,CSTLNSH,0.028
USD LowVol Full,CSTEVDH,0.0245
USD LowVol Full,MSEMKF$,0.024
USD LowVol Full,MSEXUKL,0.0224
USD LowVol Full,CSFBMTT,0.0175
USD LowVol Full,PE_BUYOUT,0.0165
USD LowVol Full,FRUSS2L,0.0128
USD LowVol Full,PRIVATE_CREDIT,0.012
USD LowVol Full,MSJPANL,0.0112
USD LowVol Full,MSPXJPL,0.0112
USD LowVol Full,PE_GROWTH,0.009
USD LowVol Full,MSUTDKL,0.008
USD LowVol Full,PA_REAL_ESTATE,0.008
USD LowVol Full,PE_VENTURE,0.0045
USD LowVol Core,LHTRYIN,0.652632
USD LowVol Core,LHYIELD,0.105263
USD LowVol Core,FRUS1GR,0.037053
USD LowVol Core,FRUS1VA,0.037053
USD LowVol Core,CSTLNSH,0.029474
USD LowVol Core,CSTEVDH,0.025789
USD LowVol Core,MSEMKF$,0.025263
USD LowVol Core,MSEXUKL,0.023579
USD LowVol Core,CSFBMTT,0.018421
USD LowVol Core,FRUSS2L,0.013474
USD LowVol Core,MSJPANL,0.011789
USD LowVol Core,MSPXJPL,0.011789
USD LowVol Core,MSUTDKL,0.008421
USD LowVol ex-Alts,LHTRYIN,0.704546
USD LowVol ex-Alts,LHYIELD,0.113636
USD LowVol ex-Alts,FRUS1GR,0.04
USD LowVol ex-Alts,FRUS1VA,0.04
USD LowVol ex-Alts,MSEMKF$,0.027273
USD LowVol ex-Alts,MSEXUKL,0.025455
USD LowVol ex-Alts,FRUSS2L,0.014545
USD LowVol ex-Alts,MSJPANL,0.012727
USD LowVol ex-Alts,MSPXJPL,0.012727
USD LowVol ex-Alts,MSUTDKL,0.009091
USD LowVol ex-HFs,LHTRYIN,0.666669
USD LowVol ex-HFs,LHYIELD,0.107527
USD LowVol ex-HFs,FRUS1GR,0.037849
USD LowVol ex-HFs,FRUS1VA,0.037849
USD LowVol ex-HFs,MSEMKF$,0.025806
USD LowVol ex-HFs,MSEXUKL,0.024086
USD LowVol ex-HFs,PE_BUYOUT,0.017742
USD LowVol ex-HFs,FRUSS2L,0.013763
USD LowVol ex-HFs,PRIVATE_CREDIT,0.012903
USD LowVol ex-HFs,MSJPANL,0.012043
USD LowVol ex-HFs,MSPXJPL,0.012043
USD LowVol ex-HFs,PE_GROWTH,0.009677
USD LowVol ex-HFs,MSUTDKL,0.008602
USD LowVol ex-HFs,PA_REAL_ESTATE,0.008602
USD LowVol ex-HFs,PE_VENTURE,0.004839
USD LowVol ex-HFs ex-RAs,LHTRYIN,0.666669
USD LowVol ex-HFs ex-RAs,LHYIELD,0.107527
USD LowVol ex-HFs ex-RAs,FRUS1GR,0.037849
USD LowVol ex-HFs ex-RAs,FRUS1VA,0.037849
USD LowVol ex-HFs ex-RAs,MSEMKF$,0.025806
USD LowVol ex-HFs ex-RAs,MSEXUKL,0.024086
USD LowVol ex-HFs ex-RAs,PRIVATE_CREDIT,0.021505
USD LowVol ex-HFs ex-RAs,PE_BUYOUT,0.017742
USD LowVol ex-HFs ex-RAs,FRUSS2L,0.013763
USD LowVol ex-HFs ex-RAs,MSJPANL,0.012043
USD LowVol ex-HFs ex-RAs,MSPXJPL,0.012043
USD LowVol ex-HFs ex-RAs,PE_GROWTH,0.009677
USD LowVol ex-HFs ex-RAs,MSUTDKL,0.008602
USD LowVol ex-HFs ex-RAs,PE_VENTURE,0.004839
USD LowVol Full ex-RAs,LHTRYIN,0.62
USD LowVol Full ex-RAs,LHYIELD,0.1
USD LowVol Full ex-RAs,FRUS1GR,0.0352
USD LowVol Full ex-RAs,FRUS1VA,0.0352
USD LowVol Full ex-RAs,CSTLNSH,0.028
USD LowVol Full ex-RAs,CSTEVDH,0.0245
USD LowVol Full ex-RAs,MSEMKF$,0.024
USD LowVol Full ex-RAs,MSEXUKL,0.0224
USD LowVol Full ex-RAs,PRIVATE_CREDIT,0.02
USD LowVol Full ex-RAs,CSFBMTT,0.0175
USD LowVol Full ex-RAs,PE_BUYOUT,0.0165
USD LowVol Full ex-RAs,FRUSS2L,0.0128
USD LowVol Full ex-RAs,MSJPANL,0.0112
USD LowVol Full ex-RAs,MSPXJPL,0.0112
USD LowVol Full ex-RAs,PE_GROWTH,0.009
USD LowVol Full ex-RAs,MSUTDKL,0.008
USD LowVol Full ex-RAs,PE_VENTURE,0.0045
USD Conservative Full,LHTRYIN,0.5
USD Conservative Full,LHYIELD,0.1
USD Conservative Full,FRUS1GR,0.0528
USD Conservative Full,FRUS1VA,0.0528
USD Conservative Full,MSEMKF$,0.036
USD Conservative Full,CSTLNSH,0.036
USD Conservative Full,MSEXUKL,0.0336
USD Conservative Full,CSTEVDH,0.0315
USD Conservative Full,CSFBMTT,0.0225
USD Conservative Full,PE_BUYOUT,0.022
USD Conservative Full,FRUSS2L,0.0192
USD Conservative Full,PRIVATE_CREDIT,0.018
USD Conservative Full,MSJPANL,0.0168
USD Conservative Full,MSPXJPL,0.0168
USD Conservative Full,MSUTDKL,0.012
USD Conservative Full,PE_GROWTH,0.012
USD Conservative Full,PA_REAL_ESTATE,0.012
USD Conservative Full,PE_VENTURE,0.006
USD Conservative Core,LHTRYIN,0.537633
USD Conservative Core,LHYIELD,0.107527
USD Conservative Core,FRUS1GR,0.056774
USD Conservative Core,FRUS1VA,0.056774
USD Conservative Core,MSEMKF$,0.03871
USD Conservative Core,CSTLNSH,0.03871
USD Conservative Core,MSEXUKL,0.036129
USD Conservative Core,CSTEVDH,0.033871
USD Conservative Core,CSFBMTT,0.024194
USD Conservative Core,FRUSS2L,0.020645
USD Conservative Core,MSJPANL,0.018065
USD Conservative Core,MSPXJPL,0.018065
USD Conservative Core,MSUTDKL,0.012903
USD Conservative ex-Alts,LHTRYIN,0.595238
USD Conservative ex-Alts,LHYIELD,0.119048
USD Conservative ex-Alts,FRUS1GR,0.062857
USD Conservative ex-Alts,FRUS1VA,0.062857
USD Conservative ex-Alts,MSEMKF$,0.042857
USD Conservative ex-Alts,MSEXUKL,0.04
USD Conservative ex-Alts,FRUSS2L,0.022857
USD Conservative ex-Alts,MSJPANL,0.02
USD Conservative ex-Alts,MSPXJPL,0.02
USD Conservative ex-Alts,MSUTDKL,0.014286
USD Conservative ex-HFs,LHTRYIN,0.54945
USD Conservative ex-HFs,LHYIELD,0.10989
USD Conservative ex-HFs,FRUS1GR,0.058022
USD Conservative ex-HFs,FRUS1VA,0.058022
USD Conservative ex-HFs,MSEMKF$,0.03956
USD Conservative ex-HFs,MSEXUKL,0.036923
USD Conservative ex-HFs,PE_BUYOUT,0.024176
USD Conservative ex-HFs,FRUSS2L,0.021099
USD Conservative ex-HFs,PRIVATE_CREDIT,0.01978
USD Conservative ex-HFs,MSJPANL,0.018462
USD Conservative ex-HFs,MSPXJPL,0.018462
USD Conservative ex-HFs,MSUTDKL,0.013187
USD Conservative ex-HFs,PE_GROWTH,0.013187
USD Conservative ex-HFs,PA_REAL_ESTATE,0.013187
USD Conservative ex-HFs,PE_VENTURE,0.006593
USD Conservative ex-HFs ex-RAs,LHTRYIN,0.54945
USD Conservative ex-HFs ex-RAs,LHYIELD,0.10989
USD Conservative ex-HFs ex-RAs,FRUS1GR,0.058022
USD Conservative ex-HFs ex-RAs,FRUS1VA,0.058022
USD Conservative ex-HFs ex-RAs,MSEMKF$,0.03956
USD Conservative ex-HFs ex-RAs,MSEXUKL,0.036923
USD Conservative ex-HFs ex-RAs,PRIVATE_CREDIT,0.032967
USD Conservative ex-HFs ex-RAs,PE_BUYOUT,0.024176
USD Conservative ex-HFs ex-RAs,FRUSS2L,0.021099
USD Conservative ex-HFs ex-RAs,MSJPANL,0.018462
USD Conservative ex-HFs ex-RAs,MSPXJPL,0.018462
USD Conservative ex-HFs ex-RAs,MSUTDKL,0.013187
USD Conservative ex-HFs ex-RAs,PE_GROWTH,0.013187
USD Conservative ex-HFs ex-RAs,PE_VENTURE,0.006593
USD Conservative Full ex-RAs,LHTRYIN,0.5
USD Conservative Full ex-RAs,LHYIELD,0.1
USD Conservative Full ex-RAs,FRUS1GR,0.0528
USD Conservative Full ex-RAs,FRUS1VA,0.0528
USD Conservative Full ex-RAs,MSEMKF$,0.036
USD Conservative Full ex-RAs,CSTLNSH,0.036
USD Conservative Full ex-RAs,MSEXUKL,0.0336
USD Conservative Full ex-RAs,CSTEVDH,0.0315
USD Conservative Full ex-RAs,PRIVATE_CREDIT,0.03
USD Conservative Full ex-RAs,CSFBMTT,0.0225
USD Conservative Full ex-RAs,PE_BUYOUT,0.022
USD Conservative Full ex-RAs,FRUSS2L,0.0192
USD Conservative Full ex-RAs,MSJPANL,0.0168
USD Conservative Full ex-RAs,MSPXJPL,0.0168
USD Conservative Full ex-RAs,MSUTDKL,0.012
USD Conservative Full ex-RAs,PE_GROWTH,0.012
USD Conservative Full ex-RAs,PE_VENTURE,0.006
USD ConsMod Full,LHTRYIN,0.4
USD ConsMod Full,LHYIELD,0.09
USD ConsMod Full,FRUS1GR,0.0704
USD ConsMod Full,FRUS1VA,0.0704
USD ConsMod Full,MSEMKF$,0.048
USD ConsMod Full,MSEXUKL,0.0448
USD ConsMod Full,CSTLNSH,0.04
USD ConsMod Full,CSTEVDH,0.035
USD ConsMod Full,PE_BUYOUT,0.0275
USD ConsMod Full,FRUSS2L,0.0256
USD ConsMod Full,CSFBMTT,0.025
USD ConsMod Full,PRIVATE_CREDIT,0.024
USD ConsMod Full,MSJPANL,0.0224
USD ConsMod Full,MSPXJPL,0.0224
USD ConsMod Full,MSUTDKL,0.016
USD ConsMod Full,PA_REAL_ESTATE,0.016
USD ConsMod Full,PE_GROWTH,0.015
USD ConsMod Full,PE_VENTURE,0.0075
USD ConsMod Core,LHTRYIN,0.43956
USD ConsMod Core,LHYIELD,0.098901
USD ConsMod Core,FRUS1GR,0.077363
USD ConsMod Core,FRUS1VA,0.077363
USD ConsMod Core,MSEMKF$,0.052747
USD ConsMod Core,MSEXUKL,0.049231
USD ConsMod Core,CSTLNSH,0.043956
USD ConsMod Core,CSTEVDH,0.038462
USD ConsMod Core,FRUSS2L,0.028132
USD ConsMod Core,CSFBMTT,0.027473
USD ConsMod Core,MSJPANL,0.024615
USD ConsMod Core,MSPXJPL,0.024615
USD ConsMod Core,MSUTDKL,0.017582
USD ConsMod ex-Alts,LHTRYIN,0.493827
USD ConsMod ex-Alts,LHYIELD,0.111111
USD ConsMod ex-Alts,FRUS1GR,0.086914
USD ConsMod ex-Alts,FRUS1VA,0.086914
USD ConsMod ex-Alts,MSEMKF$,0.059259
USD ConsMod ex-Alts,MSEXUKL,0.055309
USD ConsMod ex-Alts,FRUSS2L,0.031605
USD ConsMod ex-Alts,MSJPANL,0.027654
USD ConsMod ex-Alts,MSPXJPL,0.027654
USD ConsMod ex-Alts,MSUTDKL,0.019753
USD ConsMod ex-HFs,LHTRYIN,0.444444
USD ConsMod ex-HFs,LHYIELD,0.1
USD ConsMod ex-HFs,FRUS1GR,0.078222
USD ConsMod ex-HFs,FRUS1VA,0.078222
USD ConsMod ex-HFs,MSEMKF$,0.053333
USD ConsMod ex-HFs,MSEXUKL,0.049778
USD ConsMod ex-HFs,PE_BUYOUT,0.030556
USD ConsMod ex-HFs,FRUSS2L,0.028444
USD ConsMod ex-HFs,PRIVATE_CREDIT,0.026667
USD ConsMod ex-HFs,MSJPANL,0.024889
USD ConsMod ex-HFs,MSPXJPL,0.024889
USD ConsMod ex-HFs,MSUTDKL,0.017778
USD ConsMod ex-HFs,PA_REAL_ESTATE,0.017778
USD ConsMod ex-HFs,PE_GROWTH,0.016667
USD ConsMod ex-HFs,PE_VENTURE,0.008333
USD ConsMod ex-HFs ex-RAs,LHTRYIN,0.444445
USD ConsMod ex-HFs ex-RAs,LHYIELD,0.1
USD ConsMod ex-HFs ex-RAs,FRUS1GR,0.078222
USD ConsMod ex-HFs ex-RAs,FRUS1VA,0.078222
USD ConsMod ex-HFs ex-RAs,MSEMKF$,0.053333
USD ConsMod ex-HFs ex-RAs,MSEXUKL,0.049778
USD ConsMod ex-HFs ex-RAs,PRIVATE_CREDIT,0.044444
USD ConsMod ex-HFs ex-RAs,PE_BUYOUT,0.030556
USD ConsMod ex-HFs ex-RAs,FRUSS2L,0.028444
USD ConsMod ex-HFs ex-RAs,MSJPANL,0.024889
USD ConsMod ex-HFs ex-RAs,MSPXJPL,0.024889
USD ConsMod ex-HFs ex-RAs,MSUTDKL,0.017778
USD ConsMod ex-HFs ex-RAs,PE_GROWTH,0.016667
USD ConsMod ex-HFs ex-RAs,PE_VENTURE,0.008333
USD ConsMod Full ex-RAs,LHTRYIN,0.4
USD ConsMod Full ex-RAs,LHYIELD,0.09
USD ConsMod Full ex-RAs,FRUS1GR,0.0704
USD ConsMod Full ex-RAs,FRUS1VA,0.0704
USD ConsMod Full ex-RAs,MSEMKF$,0.048
USD ConsMod Full ex-RAs,MSEXUKL,0.0448
USD ConsMod Full ex-RAs,CSTLNSH,0.04
USD ConsMod Full ex-RAs,PRIVATE_CREDIT,0.04
USD ConsMod Full ex-RAs,CSTEVDH,0.035
USD ConsMod Full ex-RAs,PE_BUYOUT,0.0275
USD ConsMod Full ex-RAs,FRUSS2L,0.0256
USD ConsMod Full ex-RAs,CSFBMTT,0.025
USD ConsMod Full ex-RAs,MSJPANL,0.0224
USD ConsMod Full ex-RAs,MSPXJPL,0.0224
USD ConsMod Full ex-RAs,MSUTDKL,0.016
USD ConsMod Full ex-RAs,PE_GROWTH,0.015
USD ConsMod Full ex-RAs,PE_VENTURE,0.0075
USD Moderate Full,LHTRYIN,0.34
USD Moderate Full,LHYIELD,0.09
USD Moderate Full,FRUS1GR,0.0836
USD Moderate Full,FRUS1VA,0.0836
USD Moderate Full,MSEMKF$,0.057
USD Moderate Full,MSEXUKL,0.0532
USD Moderate Full,CSTLNSH,0.04
USD Moderate Full,CSTEVDH,0.035
USD Moderate Full,FRUSS2L,0.0304
USD Moderate Full,PE_BUYOUT,0.0275
USD Moderate Full,MSJPANL,0.0266
USD Moderate Full,MSPXJPL,0.0266
USD Moderate Full,CSFBMTT,0.025
USD Moderate Full,PRIVATE_CREDIT,0.024
USD Moderate Full,MSUTDKL,0.019
USD Moderate Full,PA_REAL_ESTATE,0.016
USD Moderate Full,PE_GROWTH,0.015
USD Moderate Full,PE_VENTURE,0.0075
USD Moderate Core,LHTRYIN,0.373625
USD Moderate Core,LHYIELD,0.098901
USD Moderate Core,FRUS1GR,0.091868
USD Moderate Core,FRUS1VA,0.091868
USD Moderate Core,MSEMKF$,0.062637
USD Moderate Core,MSEXUKL,0.058462
USD Moderate Core,CSTLNSH,0.043956
USD Moderate Core,CSTEVDH,0.038462
USD Moderate Core,FRUSS2L,0.033407
USD Moderate Core,MSJPANL,0.029231
USD Moderate Core,MSPXJPL,0.029231
USD Moderate Core,CSFBMTT,0.027473
USD Moderate Core,MSUTDKL,0.020879
USD Moderate ex-Alts,LHTRYIN,0.419752
USD Moderate ex-Alts,LHYIELD,0.111111
USD Moderate ex-Alts,FRUS1GR,0.10321
USD Moderate ex-Alts,FRUS1VA,0.10321
USD Moderate ex-Alts,MSEMKF$,0.07037
USD Moderate ex-Alts,MSEXUKL,0.065679
USD Moderate ex-Alts,FRUSS2L,0.037531
USD Moderate ex-Alts,MSJPANL,0.03284
USD Moderate ex-Alts,MSPXJPL,0.03284
USD Moderate ex-Alts,MSUTDKL,0.023457
USD Moderate ex-HFs,LHTRYIN,0.377776
USD Moderate ex-HFs,LHYIELD,0.1
USD Moderate ex-HFs,FRUS1GR,0.092889
USD Moderate ex-HFs,FRUS1VA,0.092889
USD Moderate ex-HFs,MSEMKF$,0.063333
USD Moderate ex-HFs,MSEXUKL,0.059111
USD Moderate ex-HFs,FRUSS2L,0.033778
USD Moderate ex-HFs,PE_BUYOUT,0.030556
USD Moderate ex-HFs,MSJPANL,0.029556
USD Moderate ex-HFs,MSPXJPL,0.029556
USD Moderate ex-HFs,PRIVATE_CREDIT,0.026667
USD Moderate ex-HFs,MSUTDKL,0.021111
USD Moderate ex-HFs,PA_REAL_ESTATE,0.017778
USD Moderate ex-HFs,PE_GROWTH,0.016667
USD Moderate ex-HFs,PE_VENTURE,0.008333
USD Moderate ex-HFs ex-RAs,LHTRYIN,0.377777
USD Moderate ex-HFs ex-RAs,LHYIELD,0.1
USD Moderate ex-HFs ex-RAs,FRUS1GR,0.092889
USD Moderate ex-HFs ex-RAs,FRUS1VA,0.092889
USD Moderate ex-HFs ex-RAs,MSEMKF$,0.063333
USD Moderate ex-HFs ex-RAs,MSEXUKL,0.059111
USD Moderate ex-HFs ex-RAs,PRIVATE_CREDIT,0.044444
USD Moderate ex-HFs ex-RAs,FRUSS2L,0.033778
USD Moderate ex-HFs ex-RAs,PE_BUYOUT,0.030556
USD Moderate ex-HFs ex-RAs,MSJPANL,0.029556
USD Moderate ex-HFs ex-RAs,MSPXJPL,0.029556
USD Moderate ex-HFs ex-RAs,MSUTDKL,0.021111
USD Moderate ex-HFs ex-RAs,PE_GROWTH,0.016667
USD Moderate ex-HFs ex-RAs,PE_VENTURE,0.008333
USD Moderate Full ex-RAs,LHTRYIN,0.34
USD Moderate Full ex-RAs,LHYIELD,0.09
USD Moderate Full ex-RAs,FRUS1GR,0.0836
USD Moderate Full ex-RAs,FRUS1VA,0.0836
USD Moderate Full ex-RAs,MSEMKF$,0.057
USD Moderate Full ex-RAs,MSEXUKL,0.0532
USD Moderate Full ex-RAs,CSTLNSH,0.04
USD Moderate Full ex-RAs,PRIVATE_CREDIT,0.04
USD Moderate Full ex-RAs,CSTEVDH,0.035
USD Moderate Full ex-RAs,FRUSS2L,0.0304
USD Moderate Full ex-RAs,PE_BUYOUT,0.0275
USD Moderate Full ex-RAs,MSJPANL,0.0266
USD Moderate Full ex-RAs,MSPXJPL,0.0266
USD Moderate Full ex-RAs,CSFBMTT,0.025
USD Moderate Full ex-RAs,MSUTDKL,0.019
USD Moderate Full ex-RAs,PE_GROWTH,0.015
USD Moderate Full ex-RAs,PE_VENTURE,0.0075
USD ModAgg Full,LHTRYIN,0.25
USD ModAgg Full,FRUS1GR,0.1034
USD ModAgg Full,FRUS1VA,0.1034
USD ModAgg Full,LHYIELD,0.08
USD ModAgg Full,MSEMKF$,0.0705
USD ModAgg Full,MSEXUKL,0.0658
USD ModAgg Full,CSTLNSH,0.044
USD ModAgg Full,CSTEVDH,0.0385
USD ModAgg Full,FRUSS2L,0.0376
USD ModAgg Full,PE_BUYOUT,0.033
USD ModAgg Full,MSJPANL,0.0329
USD ModAgg Full,MSPXJPL,0.0329
USD ModAgg Full,CSFBMTT,0.0275
USD ModAgg Full,MSUTDKL,0.0235
USD ModAgg Full,PE_GROWTH,0.018
USD ModAgg Full,PRIVATE_CREDIT,0.018
USD ModAgg Full,PA_REAL_ESTATE,0.012
USD ModAgg Full,PE_VENTURE,0.009
USD ModAgg Core,LHTRYIN,0.274724
USD ModAgg Core,FRUS1GR,0.113626
USD ModAgg Core,FRUS1VA,0.113626
USD ModAgg Core,LHYIELD,0.087912
USD ModAgg Core,MSEMKF$,0.077473
USD ModAgg Core,MSEXUKL,0.072308
USD ModAgg Core,CSTLNSH,0.048352
USD ModAgg Core,CSTEVDH,0.042308
USD ModAgg Core,FRUSS2L,0.041319
USD ModAgg Core,MSJPANL,0.036154
USD ModAgg Core,MSPXJPL,0.036154
USD ModAgg Core,CSFBMTT,0.03022
USD ModAgg Core,MSUTDKL,0.025824
USD ModAgg ex-Alts,LHTRYIN,0.3125
USD ModAgg ex-Alts,FRUS1GR,0.12925
USD ModAgg ex-Alts,FRUS1VA,0.12925
USD ModAgg ex-Alts,LHYIELD,0.1
USD ModAgg ex-Alts,MSEMKF$,0.088125
USD ModAgg ex-Alts,MSEXUKL,0.08225
USD ModAgg ex-Alts,FRUSS2L,0.047
USD ModAgg ex-Alts,MSJPANL,0.041125
USD ModAgg ex-Alts,MSPXJPL,0.041125
USD ModAgg ex-Alts,MSUTDKL,0.029375
USD ModAgg ex-HFs,LHTRYIN,0.280899
USD ModAgg ex-HFs,FRUS1GR,0.11618
USD ModAgg ex-HFs,FRUS1VA,0.11618
USD ModAgg ex-HFs,LHYIELD,0.089888
USD ModAgg ex-HFs,MSEMKF$,0.079213
USD ModAgg ex-HFs,MSEXUKL,0.073933
USD ModAgg ex-HFs,FRUSS2L,0.042247
USD ModAgg ex-HFs,PE_BUYOUT,0.037079
USD ModAgg ex-HFs,MSJPANL,0.036966
USD ModAgg ex-HFs,MSPXJPL,0.036966
USD ModAgg ex-HFs,MSUTDKL,0.026404
USD ModAgg ex-HFs,PE_GROWTH,0.020225
USD ModAgg ex-HFs,PRIVATE_CREDIT,0.020225
USD ModAgg ex-HFs,PA_REAL_ESTATE,0.013483
USD ModAgg ex-HFs,PE_VENTURE,0.010112
USD ModAgg ex-HFs ex-RAs,LHTRYIN,0.280899
USD ModAgg ex-HFs ex-RAs,FRUS1GR,0.11618
USD ModAgg ex-HFs ex-RAs,FRUS1VA,0.11618
USD ModAgg ex-HFs ex-RAs,LHYIELD,0.089888
USD ModAgg ex-HFs ex-RAs,MSEMKF$,0.079213
USD ModAgg ex-HFs ex-RAs,MSEXUKL,0.073933
USD ModAgg ex-HFs ex-RAs,FRUSS2L,0.042247
USD ModAgg ex-HFs ex-RAs,PE_BUYOUT,0.037079
USD ModAgg ex-HFs ex-RAs,MSJPANL,0.036966
USD ModAgg ex-HFs ex-RAs,MSPXJPL,0.036966
USD ModAgg ex-HFs ex-RAs,PRIVATE_CREDIT,0.033708
USD ModAgg ex-HFs ex-RAs,MSUTDKL,0.026404
USD ModAgg ex-HFs ex-RAs,PE_GROWTH,0.020225
USD ModAgg ex-HFs ex-RAs,PE_VENTURE,0.010112
USD ModAgg Full ex-RAs,LHTRYIN,0.25
USD ModAgg Full ex-RAs,FRUS1GR,0.1034
USD ModAgg Full ex-RAs,FRUS1VA,0.1034
USD ModAgg Full ex-RAs,LHYIELD,0.08
USD ModAgg Full ex-RAs,MSEMKF$,0.0705
USD ModAgg Full ex-RAs,MSEXUKL,0.0658
USD ModAgg Full ex-RAs,CSTLNSH,0.044
USD ModAgg Full ex-RAs,CSTEVDH,0.0385
USD ModAgg Full ex-RAs,FRUSS2L,0.0376
USD ModAgg Full ex-RAs,PE_BUYOUT,0.033
USD ModAgg Full ex-RAs,MSJPANL,0.0329
USD ModAgg Full ex-RAs,MSPXJPL,0.0329
USD ModAgg Full ex-RAs,PRIVATE_CREDIT,0.03
USD ModAgg Full ex-RAs,CSFBMTT,0.0275
USD ModAgg Full ex-RAs,MSUTDKL,0.0235
USD ModAgg Full ex-RAs,PE_GROWTH,0.018
USD ModAgg Full ex-RAs,PE_VENTURE,0.009
USD Agg Full,LHTRYIN,0.16
USD Agg Full,FRUS1GR,0.1254
USD Agg Full,FRUS1VA,0.1254
USD Agg Full,MSEMKF$,0.0855
USD Agg Full,MSEXUKL,0.0798
USD Agg Full,LHYIELD,0.07
USD Agg Full,FRUSS2L,0.0456
USD Agg Full,CSTLNSH,0.044
USD Agg Full,MSJPANL,0.0399
USD Agg Full,MSPXJPL,0.0399
USD Agg Full,CSTEVDH,0.0385
USD Agg Full,PE_BUYOUT,0.033
USD Agg Full,MSUTDKL,0.0285
USD Agg Full,CSFBMTT,0.0275
USD Agg Full,PE_GROWTH,0.018
USD Agg Full,PRIVATE_CREDIT,0.018
USD Agg Full,PA_REAL_ESTATE,0.012
USD Agg Full,PE_VENTURE,0.009
USD Agg Core,LHTRYIN,0.175824
USD Agg Core,FRUS1GR,0.137802
USD Agg Core,FRUS1VA,0.137802
USD Agg Core,MSEMKF$,0.093956
USD Agg Core,MSEXUKL,0.087692
USD Agg Core,LHYIELD,0.076923
USD Agg Core,FRUSS2L,0.05011
USD Agg Core,CSTLNSH,0.048352
USD Agg Core,MSJPANL,0.043846
USD Agg Core,MSPXJPL,0.043846
USD Agg Core,CSTEVDH,0.042308
USD Agg Core,MSUTDKL,0.031319
USD Agg Core,CSFBMTT,0.03022
USD Agg ex-Alts,LHTRYIN,0.2
USD Agg ex-Alts,FRUS1GR,0.15675
USD Agg ex-Alts,FRUS1VA,0.15675
USD Agg ex-Alts,MSEMKF$,0.106875
USD Agg ex-Alts,MSEXUKL,0.09975
USD Agg ex-Alts,LHYIELD,0.0875
USD Agg ex-Alts,FRUSS2L,0.057
USD Agg ex-Alts,MSJPANL,0.049875
USD Agg ex-Alts,MSPXJPL,0.049875
USD Agg ex-Alts,MSUTDKL,0.035625
USD Agg ex-HFs,LHTRYIN,0.179776
USD Agg ex-HFs,FRUS1GR,0.140899
USD Agg ex-HFs,FRUS1VA,0.140899
USD Agg ex-HFs,MSEMKF$,0.096067
USD Agg ex-HFs,MSEXUKL,0.089663
USD Agg ex-HFs,LHYIELD,0.078652
USD Agg ex-HFs,FRUSS2L,0.051236
USD Agg ex-HFs,MSJPANL,0.044831
USD Agg ex-HFs,MSPXJPL,0.044831
USD Agg ex-HFs,PE_BUYOUT,0.037079
USD Agg ex-HFs,MSUTDKL,0.032022
USD Agg ex-HFs,PE_GROWTH,0.020225
USD Agg ex-HFs,PRIVATE_CREDIT,0.020225
USD Agg ex-HFs,PA_REAL_ESTATE,0.013483
USD Agg ex-HFs,PE_VENTURE,0.010112
USD Agg ex-HFs ex-RAs,LHTRYIN,0.179776
USD Agg ex-HFs ex-RAs,FRUS1GR,0.140899
USD Agg ex-HFs ex-RAs,FRUS1VA,0.140899
USD Agg ex-HFs ex-RAs,MSEMKF$,0.096067
USD Agg ex-HFs ex-RAs,MSEXUKL,0.089663
USD Agg ex-HFs ex-RAs,LHYIELD,0.078652
USD Agg ex-HFs ex-RAs,FRUSS2L,0.051236
USD Agg ex-HFs ex-RAs,MSJPANL,0.044831
USD Agg ex-HFs ex-RAs,MSPXJPL,0.044831
USD Agg ex-HFs ex-RAs,PE_BUYOUT,0.037079
USD Agg ex-HFs ex-RAs,PRIVATE_CREDIT,0.033708
USD Agg ex-HFs ex-RAs,MSUTDKL,0.032022
USD Agg ex-HFs ex-RAs,PE_GROWTH,0.020225
USD Agg ex-HFs ex-RAs,PE_VENTURE,0.010112
USD Agg Full ex-RAs,LHTRYIN,0.16
USD Agg Full ex-RAs,FRUS1GR,0.1254
USD Agg Full ex-RAs,FRUS1VA,0.1254
USD Agg Full ex-RAs,MSEMKF$,0.0855
USD Agg Full ex-RAs,MSEXUKL,0.0798
USD Agg Full ex-RAs,LHYIELD,0.07
USD Agg Full ex-RAs,FRUSS2L,0.0456
USD Agg Full ex-RAs,CSTLNSH,0.044
USD Agg Full ex-RAs,MSJPANL,0.0399
USD Agg Full ex-RAs,MSPXJPL,0.0399
USD Agg Full ex-RAs,CSTEVDH,0.0385
USD Agg Full ex-RAs,PE_BUYOUT,0.033
USD Agg Full ex-RAs,PRIVATE_CREDIT,0.03
USD Agg Full ex-RAs,MSUTDKL,0.0285
USD Agg Full ex-RAs,CSFBMTT,0.0275
USD Agg Full ex-RAs,PE_GROWTH,0.018
USD Agg Full ex-RAs,PE_VENTURE,0.009
USD Higher Risk Full,FRUS1GR,0.1496
USD Higher Risk Full,FRUS1VA,0.1496
USD Higher Risk Full,MSEMKF$,0.102
USD Higher Risk Full,MSEXUKL,0.0952
USD Higher Risk Full,LHTRYIN,0.08
USD Higher Risk Full,FRUSS2L,0.0544
USD Higher Risk Full,LHYIELD,0.05
USD Higher Risk Full,MSJPANL,0.0476
USD Higher Risk Full,MSPXJPL,0.0476
USD Higher Risk Full,CSTLNSH,0.04
USD Higher Risk Full,CSTEVDH,0.035
USD Higher Risk Full,MSUTDKL,0.034
USD Higher Risk Full,PE_BUYOUT,0.033
USD Higher Risk Full,CSFBMTT,0.025
USD Higher Risk Full,PE_GROWTH,0.018
USD Higher Risk Full,PRIVATE_CREDIT,0.018
USD Higher Risk Full,PA_REAL_ESTATE,0.012
USD Higher Risk Full,PE_VENTURE,0.009
USD Higher Risk Core,FRUS1GR,0.164394
USD Higher Risk Core,FRUS1VA,0.164396
USD Higher Risk Core,MSEMKF$,0.112088
USD Higher Risk Core,MSEXUKL,0.104615
USD Higher Risk Core,LHTRYIN,0.087912
USD Higher Risk Core,FRUSS2L,0.05978
USD Higher Risk Core,LHYIELD,0.054945
USD Higher Risk Core,MSJPANL,0.052308
USD Higher Risk Core,MSPXJPL,0.052308
USD Higher Risk Core,CSTLNSH,0.043956
USD Higher Risk Core,CSTEVDH,0.038462
USD Higher Risk Core,MSUTDKL,0.037363
USD Higher Risk Core,CSFBMTT,0.027473
USD Higher Risk ex-Alts,FRUS1GR,0.184694
USD Higher Risk ex-Alts,FRUS1VA,0.184691
USD Higher Risk ex-Alts,MSEMKF$,0.125926
USD Higher Risk ex-Alts,MSEXUKL,0.117531
USD Higher Risk ex-Alts,LHTRYIN,0.098765
USD Higher Risk ex-Alts,FRUSS2L,0.06716
USD Higher Risk ex-Alts,LHYIELD,0.061728
USD Higher Risk ex-Alts,MSJPANL,0.058765
USD Higher Risk ex-Alts,MSPXJPL,0.058765
USD Higher Risk ex-Alts,MSUTDKL,0.041975
USD Higher Risk ex-HFs,FRUS1GR,0.166222
USD Higher Risk ex-HFs,FRUS1VA,0.166222
USD Higher Risk ex-HFs,MSEMKF$,0.113333
USD Higher Risk ex-HFs,MSEXUKL,0.105778
USD Higher Risk ex-HFs,LHTRYIN,0.088889
USD Higher Risk ex-HFs,FRUSS2L,0.060444
USD Higher Risk ex-HFs,LHYIELD,0.055556
USD Higher Risk ex-HFs,MSJPANL,0.052889
USD Higher Risk ex-HFs,MSPXJPL,0.052889
USD Higher Risk ex-HFs,MSUTDKL,0.037778
USD Higher Risk ex-HFs,PE_BUYOUT,0.036667
USD Higher Risk ex-HFs,PE_GROWTH,0.02
USD Higher Risk ex-HFs,PRIVATE_CREDIT,0.02
USD Higher Risk ex-HFs,PA_REAL_ESTATE,0.013333
USD Higher Risk ex-HFs,PE_VENTURE,0.01
USD Higher Risk ex-HFs ex-RAs,FRUS1GR,0.166222
USD Higher Risk ex-HFs ex-RAs,FRUS1VA,0.166222
USD Higher Risk ex-HFs ex-RAs,MSEMKF$,0.113333
USD Higher Risk ex-HFs ex-RAs,MSEXUKL,0.105778
USD Higher Risk ex-HFs ex-RAs,LHTRYIN,0.088889
USD Higher Risk ex-HFs ex-RAs,FRUSS2L,0.060444
USD Higher Risk ex-HFs ex-RAs,LHYIELD,0.055556
USD Higher Risk ex-HFs ex-RAs,MSJPANL,0.052889
USD Higher Risk ex-HFs ex-RAs,MSPXJPL,0.052889
USD Higher Risk ex-HFs ex-RAs,MSUTDKL,0.037778
USD Higher Risk ex-HFs ex-RAs,PE_BUYOUT,0.036667
USD Higher Risk ex-HFs ex-RAs,PRIVATE_CREDIT,0.033333
USD Higher Risk ex-HFs ex-RAs,PE_GROWTH,0.02
USD Higher Risk ex-HFs ex-RAs,PE_VENTURE,0.01
USD Higher Risk Full ex-RAs,FRUS1GR,0.1496
USD Higher Risk Full ex-RAs,FRUS1VA,0.1496
USD Higher Risk Full ex-RAs,MSEMKF$,0.102
USD Higher Risk Full ex-RAs,MSEXUKL,0.0952
USD Higher Risk Full ex-RAs,LHTRYIN,0.08
USD Higher Risk Full ex-RAs,FRUSS2L,0.0544
USD Higher Risk Full ex-RAs,LHYIELD,0.05
USD Higher Risk Full ex-RAs,MSJPANL,0.0476
USD Higher Risk Full ex-RAs,MSPXJPL,0.0476
USD Higher Risk Full ex-RAs,CSTLNSH,0.04
USD Higher Risk Full ex-RAs,CSTEVDH,0.035
USD Higher Risk Full ex-RAs,MSUTDKL,0.034
USD Higher Risk Full ex-RAs,PE_BUYOUT,0.033
USD Higher Risk Full ex-RAs,PRIVATE_CREDIT,0.03
USD Higher Risk Full ex-RAs,CSFBMTT,0.025
USD Higher Risk Full ex-RAs,PE_GROWTH,0.018
USD Higher Risk Full ex-RAs,PE_VENTURE,0.009
USD All Equity,FRUS1GR,0.22
USD All Equity,FRUS1VA,0.22
USD All Equity,MSEMKF$,0.15
USD All Equity,MSEXUKL,0.14
USD All Equity,FRUSS2L,0.08
USD All Equity,MSJPANL,0.07
USD All Equity,MSPXJPL,0.07
USD All Equity,MSUTDKL,0.05
GBP LowVol Full,LHTRYIN,0.62
GBP LowVol Full,LHYIELD,0.1
GBP LowVol Full,CSTLNSH,0.028
GBP LowVol Full,FRUS1GR,0.0272
GBP LowVol Full,FRUS1VA,0.0272
GBP LowVol Full,CSTEVDH,0.0245
GBP LowVol Full,MSUTDKL,0.024
GBP LowVol Full,MSEMKF$,0.024
GBP LowVol Full,MSEXUKL,0.0224
GBP LowVol Full,CSFBMTT,0.0175
GBP LowVol Full,PE_BUYOUT,0.0165
GBP LowVol Full,FRUSS2L,0.0128
GBP LowVol Full,PRIVATE_CREDIT,0.012
GBP LowVol Full,MSJPANL,0.0112
GBP LowVol Full,MSPXJPL,0.0112
GBP LowVol Full,PE_GROWTH,0.009
GBP LowVol Full,PA_REAL_ESTATE,0.008
GBP LowVol Full,PE_VENTURE,0.0045
GBP LowVol Core,LHTRYIN,0.652632
GBP LowVol Core,LHYIELD,0.105263
GBP LowVol Core,CSTLNSH,0.029474
GBP LowVol Core,FRUS1GR,0.028632
GBP LowVol Core,FRUS1VA,0.028632
GBP LowVol Core,CSTEVDH,0.025789
GBP LowVol Core,MSUTDKL,0.025263
GBP LowVol Core,MSEMKF$,0.025263
GBP LowVol Core,MSEXUKL,0.023579
GBP LowVol Core,CSFBMTT,0.018421
GBP LowVol Core,FRUSS2L,0.013474
GBP LowVol Core,MSJPANL,0.011789
GBP LowVol Core,MSPXJPL,0.011789
GBP LowVol ex-Alts,LHTRYIN,0.704546
GBP LowVol ex-Alts,LHYIELD,0.113636
GBP LowVol ex-Alts,FRUS1GR,0.030909
GBP LowVol ex-Alts,FRUS1VA,0.030909
GBP LowVol ex-Alts,MSUTDKL,0.027273
GBP LowVol ex-Alts,MSEMKF$,0.027273
GBP LowVol ex-Alts,MSEXUKL,0.025455
GBP LowVol ex-Alts,FRUSS2L,0.014545
GBP LowVol ex-Alts,MSJPANL,0.012727
GBP LowVol ex-Alts,MSPXJPL,0.012727
GBP LowVol ex-HFs,LHTRYIN,0.666669
GBP LowVol ex-HFs,LHYIELD,0.107527
GBP LowVol ex-HFs,FRUS1GR,0.029247
GBP LowVol ex-HFs,FRUS1VA,0.029247
GBP LowVol ex-HFs,MSUTDKL,0.025806
GBP LowVol ex-HFs,MSEMKF$,0.025806
GBP LowVol ex-HFs,MSEXUKL,0.024086
GBP LowVol ex-HFs,PE_BUYOUT,0.017742
GBP LowVol ex-HFs,FRUSS2L,0.013763
GBP LowVol ex-HFs,PRIVATE_CREDIT,0.012903
GBP LowVol ex-HFs,MSJPANL,0.012043
GBP LowVol ex-HFs,MSPXJPL,0.012043
GBP LowVol ex-HFs,PE_GROWTH,0.009677
GBP LowVol ex-HFs,PA_REAL_ESTATE,0.008602
GBP LowVol ex-HFs,PE_VENTURE,0.004839
GBP LowVol ex-HFs ex-RAs,LHTRYIN,0.666669
GBP LowVol ex-HFs ex-RAs,LHYIELD,0.107527
GBP LowVol ex-HFs ex-RAs,FRUS1GR,0.029247
GBP LowVol ex-HFs ex-RAs,FRUS1VA,0.029247
GBP LowVol ex-HFs ex-RAs,MSUTDKL,0.025806
GBP LowVol ex-HFs ex-RAs,MSEMKF$,0.025806
GBP LowVol ex-HFs ex-RAs,MSEXUKL,0.024086
GBP LowVol ex-HFs ex-RAs,PRIVATE_CREDIT,0.021505
GBP LowVol ex-HFs ex-RAs,PE_BUYOUT,0.017742
GBP LowVol ex-HFs ex-RAs,FRUSS2L,0.013763
GBP LowVol ex-HFs ex-RAs,MSJPANL,0.012043
GBP LowVol ex-HFs ex-RAs,MSPXJPL,0.012043
GBP LowVol ex-HFs ex-RAs,PE_GROWTH,0.009677
GBP LowVol ex-HFs ex-RAs,PE_VENTURE,0.004839
GBP LowVol Full ex-RAs,LHTRYIN,0.62
GBP LowVol Full ex-RAs,LHYIELD,0.1
GBP LowVol Full ex-RAs,CSTLNSH,0.028
GBP LowVol Full ex-RAs,FRUS1GR,0.0272
GBP LowVol Full ex-RAs,FRUS1VA,0.0272
GBP LowVol Full ex-RAs,CSTEVDH,0.0245
GBP LowVol Full ex-RAs,MSUTDKL,0.024
GBP LowVol Full ex-RAs,MSEMKF$,0.024
GBP LowVol Full ex-RAs,MSEXUKL,0.0224
GBP LowVol Full ex-RAs,PRIVATE_CREDIT,0.02
GBP LowVol Full ex-RAs,CSFBMTT,0.0175
GBP LowVol Full ex-RAs,PE_BUYOUT,0.0165
GBP LowVol Full ex-RAs,FRUSS2L,0.0128
GBP LowVol Full ex-RAs,MSJPANL,0.0112
GBP LowVol Full ex-RAs,MSPXJPL,0.0112
GBP LowVol Full ex-RAs,PE_GROWTH,0.009
GBP LowVol Full ex-RAs,PE_VENTURE,0.0045
GBP Conservative Full,LHTRYIN,0.5
GBP Conservative Full,LHYIELD,0.1
GBP Conservative Full,FRUS1GR,0.0408
GBP Conservative Full,FRUS1VA,0.0408
GBP Conservative Full,MSUTDKL,0.036
GBP Conservative Full,MSEMKF$,0.036
GBP Conservative Full,CSTLNSH,0.036
GBP Conservative Full,MSEXUKL,0.0336
GBP Conservative Full,CSTEVDH,0.0315
GBP Conservative Full,CSFBMTT,0.0225
GBP Conservative Full,PE_BUYOUT,0.022
GBP Conservative Full,FRUSS2L,0.0192
GBP Conservative Full,PRIVATE_CREDIT,0.018
GBP Conservative Full,MSJPANL,0.0168
GBP Conservative Full,MSPXJPL,0.0168
GBP Conservative Full,PE_GROWTH,0.012
GBP Conservative Full,PA_REAL_ESTATE,0.012
GBP Conservative Full,PE_VENTURE,0.006
GBP Conservative Core,LHTRYIN,0.537632
GBP Conservative Core,LHYIELD,0.107527
GBP Conservative Core,FRUS1GR,0.043871
GBP Conservative Core,FRUS1VA,0.043871
GBP Conservative Core,MSUTDKL,0.03871
GBP Conservative Core,MSEMKF$,0.03871
GBP Conservative Core,CSTLNSH,0.03871
GBP Conservative Core,MSEXUKL,0.036129
GBP Conservative Core,CSTEVDH,0.033871
GBP Conservative Core,CSFBMTT,0.024194
GBP Conservative Core,FRUSS2L,0.020645
GBP Conservative Core,MSJPANL,0.018065
GBP Conservative Core,MSPXJPL,0.018065
GBP Conservative ex-Alts,LHTRYIN,0.595239
GBP Conservative ex-Alts,LHYIELD,0.119048
GBP Conservative ex-Alts,FRUS1GR,0.048571
GBP Conservative ex-Alts,FRUS1VA,0.048571
GBP Conservative ex-Alts,MSUTDKL,0.042857
GBP Conservative ex-Alts,MSEMKF$,0.042857
GBP Conservative ex-Alts,MSEXUKL,0.04
GBP Conservative ex-Alts,FRUSS2L,0.022857
GBP Conservative ex-Alts,MSJPANL,0.02
GBP Conservative ex-Alts,MSPXJPL,0.02
GBP Conservative ex-HFs,LHTRYIN,0.549451
GBP Conservative ex-HFs,LHYIELD,0.10989
GBP Conservative ex-HFs,FRUS1GR,0.044835
GBP Conservative ex-HFs,FRUS1VA,0.044835
GBP Conservative ex-HFs,MSUTDKL,0.03956
GBP Conservative ex-HFs,MSEMKF$,0.03956
GBP Conservative ex-HFs,MSEXUKL,0.036923
GBP Conservative ex-HFs,PE_BUYOUT,0.024176
GBP Conservative ex-HFs,FRUSS2L,0.021099
GBP Conservative ex-HFs,PRIVATE_CREDIT,0.01978
GBP Conservative ex-HFs,MSJPANL,0.018462
GBP Conservative ex-HFs,MSPXJPL,0.018462
GBP Conservative ex-HFs,PE_GROWTH,0.013187
GBP Conservative ex-HFs,PA_REAL_ESTATE,0.013187
GBP Conservative ex-HFs,PE_VENTURE,0.006593
GBP Conservative ex-HFs ex-RAs,LHTRYIN,0.549451
GBP Conservative ex-HFs ex-RAs,LHYIELD,0.10989
GBP Conservative ex-HFs ex-RAs,FRUS1GR,0.044835
GBP Conservative ex-HFs ex-RAs,FRUS1VA,0.044835
GBP Conservative ex-HFs ex-RAs,MSUTDKL,0.03956
GBP Conservative ex-HFs ex-RAs,MSEMKF$,0.03956
GBP Conservative ex-HFs ex-RAs,MSEXUKL,0.036923
GBP Conservative ex-HFs ex-RAs,PRIVATE_CREDIT,0.032967
GBP Conservative ex-HFs ex-RAs,PE_BUYOUT,0.024176
GBP Conservative ex-HFs ex-RAs,FRUSS2L,0.021099
GBP Conservative ex-HFs ex-RAs,MSJPANL,0.018462
GBP Conservative ex-HFs ex-RAs,MSPXJPL,0.018462
GBP Conservative ex-HFs ex-RAs,PE_GROWTH,0.013187
GBP Conservative ex-HFs ex-RAs,PE_VENTURE,0.006593
GBP Conservative Full ex-RAs,LHTRYIN,0.5
GBP Conservative Full ex-RAs,LHYIELD,0.1
GBP Conservative Full ex-RAs,FRUS1GR,0.0408
GBP Conservative Full ex-RAs,FRUS1VA,0.0408
GBP Conservative Full ex-RAs,MSUTDKL,0.036
GBP Conservative Full ex-RAs,MSEMKF$,0.036
GBP Conservative Full ex-RAs,CSTLNSH,0.036
GBP Conservative Full ex-RAs,MSEXUKL,0.0336
GBP Conservative Full ex-RAs,CSTEVDH,0.0315
GBP Conservative Full ex-RAs,PRIVATE_CREDIT,0.03
GBP Conservative Full ex-RAs,CSFBMTT,0.0225
GBP Conservative Full ex-RAs,PE_BUYOUT,0.022
GBP Conservative Full ex-RAs,FRUSS2L,0.0192
GBP Conservative Full ex-RAs,MSJPANL,0.0168
GBP Conservative Full ex-RAs,MSPXJPL,0.0168
GBP Conservative Full ex-RAs,PE_GROWTH,0.012
GBP Conservative Full ex-RAs,PE_VENTURE,0.006
GBP ConsMod Full,LHTRYIN,0.4
GBP ConsMod Full,LHYIELD,0.09
GBP ConsMod Full,FRUS1GR,0.0544
GBP ConsMod Full,FRUS1VA,0.0544
GBP ConsMod Full,MSUTDKL,0.048
GBP ConsMod Full,MSEMKF$,0.048
GBP ConsMod Full,MSEXUKL,0.0448
GBP ConsMod Full,CSTLNSH,0.04
GBP ConsMod Full,CSTEVDH,0.035
GBP ConsMod Full,PE_BUYOUT,0.0275
GBP ConsMod Full,FRUSS2L,0.0256
GBP ConsMod Full,CSFBMTT,0.025
GBP ConsMod Full,PRIVATE_CREDIT,0.024
GBP ConsMod Full,MSJPANL,0.0224
GBP ConsMod Full,MSPXJPL,0.0224
GBP ConsMod Full,PA_REAL_ESTATE,0.016
GBP ConsMod Full,PE_GROWTH,0.015
GBP ConsMod Full,PE_VENTURE,0.0075
GBP ConsMod Core,LHTRYIN,0.439561
GBP ConsMod Core,LHYIELD,0.098901
GBP ConsMod Core,FRUS1GR,0.05978
GBP ConsMod Core,FRUS1VA,0.05978
GBP ConsMod Core,MSUTDKL,0.052747
GBP ConsMod Core,MSEMKF$,0.052747
GBP ConsMod Core,MSEXUKL,0.049231
GBP ConsMod Core,CSTLNSH,0.043956
GBP ConsMod Core,CSTEVDH,0.038462
GBP ConsMod Core,FRUSS2L,0.028132
GBP ConsMod Core,CSFBMTT,0.027473
GBP ConsMod Core,MSJPANL,0.024615
GBP ConsMod Core,MSPXJPL,0.024615
GBP ConsMod ex-Alts,LHTRYIN,0.493829
GBP ConsMod ex-Alts,LHYIELD,0.111111
GBP ConsMod ex-Alts,FRUS1GR,0.06716
GBP ConsMod ex-Alts,FRUS1VA,0.06716
GBP ConsMod ex-Alts,MSUTDKL,0.059259
GBP ConsMod ex-Alts,MSEMKF$,0.059259
GBP ConsMod ex-Alts,MSEXUKL,0.055309
GBP ConsMod ex-Alts,FRUSS2L,0.031605
GBP ConsMod ex-Alts,MSJPANL,0.027654
GBP ConsMod ex-Alts,MSPXJPL,0.027654
GBP ConsMod ex-HFs,LHTRYIN,0.444445
GBP ConsMod ex-HFs,LHYIELD,0.1
GBP ConsMod ex-HFs,FRUS1GR,0.060444
GBP ConsMod ex-HFs,FRUS1VA,0.060444
GBP ConsMod ex-HFs,MSUTDKL,0.053333
GBP ConsMod ex-HFs,MSEMKF$,0.053333
GBP ConsMod ex-HFs,MSEXUKL,0.049778
GBP ConsMod ex-HFs,PE_BUYOUT,0.030556
GBP ConsMod ex-HFs,FRUSS2L,0.028444
GBP ConsMod ex-HFs,PRIVATE_CREDIT,0.026667
GBP ConsMod ex-HFs,MSJPANL,0.024889
GBP ConsMod ex-HFs,MSPXJPL,0.024889
GBP ConsMod ex-HFs,PA_REAL_ESTATE,0.017778
GBP ConsMod ex-HFs,PE_GROWTH,0.016667
GBP ConsMod ex-HFs,PE_VENTURE,0.008333
GBP ConsMod ex-HFs ex-RAs,LHTRYIN,0.444446
GBP ConsMod ex-HFs ex-RAs,LHYIELD,0.1
GBP ConsMod ex-HFs ex-RAs,FRUS1GR,0.060444
GBP ConsMod ex-HFs ex-RAs,FRUS1VA,0.060444
GBP ConsMod ex-HFs ex-RAs,MSUTDKL,0.053333
GBP ConsMod ex-HFs ex-RAs,MSEMKF$,0.053333
GBP ConsMod ex-HFs ex-RAs,MSEXUKL,0.049778
GBP ConsMod ex-HFs ex-RAs,PRIVATE_CREDIT,0.044444
GBP ConsMod ex-HFs ex-RAs,PE_BUYOUT,0.030556
GBP ConsMod ex-HFs ex-RAs,FRUSS2L,0.028444
GBP ConsMod ex-HFs ex-RAs,MSJPANL,0.024889
GBP ConsMod ex-HFs ex-RAs,MSPXJPL,0.024889
GBP ConsMod ex-HFs ex-RAs,PE_GROWTH,0.016667
GBP ConsMod ex-HFs ex-RAs,PE_VENTURE,0.008333
GBP ConsMod Full ex-RAs,LHTRYIN,0.4
GBP ConsMod Full ex-RAs,LHYIELD,0.09
GBP ConsMod Full ex-RAs,FRUS1GR,0.0544
GBP ConsMod Full ex-RAs,FRUS1VA,0.0544
GBP ConsMod Full ex-RAs,MSUTDKL,0.048
GBP ConsMod Full ex-RAs,MSEMKF$,0.048
GBP ConsMod Full ex-RAs,MSEXUKL,0.0448
GBP ConsMod Full ex-RAs,CSTLNSH,0.04
GBP ConsMod Full ex-RAs,PRIVATE_CREDIT,0.04
GBP ConsMod Full ex-RAs,CSTEVDH,0.035
GBP ConsMod Full ex-RAs,PE_BUYOUT,0.0275
GBP ConsMod Full ex-RAs,FRUSS2L,0.0256
GBP ConsMod Full ex-RAs,CSFBMTT,0.025
GBP ConsMod Full ex-RAs,MSJPANL,0.0224
GBP ConsMod Full ex-RAs,MSPXJPL,0.0224
GBP ConsMod Full ex-RAs,PE_GROWTH,0.015
GBP ConsMod Full ex-RAs,PE_VENTURE,0.0075
GBP Moderate Full,LHTRYIN,0.34
GBP Moderate Full,LHYIELD,0.09
GBP Moderate Full,FRUS1GR,0.0646
GBP Moderate Full,FRUS1VA,0.0646
GBP Moderate Full,MSUTDKL,0.057
GBP Moderate Full,MSEMKF$,0.057
GBP Moderate Full,MSEXUKL,0.0532
GBP Moderate Full,CSTLNSH,0.04
GBP Moderate Full,CSTEVDH,0.035
GBP Moderate Full,FRUSS2L,0.0304
GBP Moderate Full,PE_BUYOUT,0.0275
GBP Moderate Full,MSJPANL,0.0266
GBP Moderate Full,MSPXJPL,0.0266
GBP Moderate Full,CSFBMTT,0.025
GBP Moderate Full,PRIVATE_CREDIT,0.024
GBP Moderate Full,PA_REAL_ESTATE,0.016
GBP Moderate Full,PE_GROWTH,0.015
GBP Moderate Full,PE_VENTURE,0.0075
GBP Moderate Core,LHTRYIN,0.373625
GBP Moderate Core,LHYIELD,0.098901
GBP Moderate Core,FRUS1GR,0.070989
GBP Moderate Core,FRUS1VA,0.070989
GBP Moderate Core,MSUTDKL,0.062637
GBP Moderate Core,MSEMKF$,0.062637
GBP Moderate Core,MSEXUKL,0.058462
GBP Moderate Core,CSTLNSH,0.043956
GBP Moderate Core,CSTEVDH,0.038462
GBP Moderate Core,FRUSS2L,0.033407
GBP Moderate Core,MSJPANL,0.029231
GBP Moderate Core,MSPXJPL,0.029231
GBP Moderate Core,CSFBMTT,0.027473
GBP Moderate ex-Alts,LHTRYIN,0.419753
GBP Moderate ex-Alts,LHYIELD,0.111111
GBP Moderate ex-Alts,FRUS1GR,0.079753
GBP Moderate ex-Alts,FRUS1VA,0.079753
GBP Moderate ex-Alts,MSUTDKL,0.07037
GBP Moderate ex-Alts,MSEMKF$,0.07037
GBP Moderate ex-Alts,MSEXUKL,0.065679
GBP Moderate ex-Alts,FRUSS2L,0.037531
GBP Moderate ex-Alts,MSJPANL,0.03284
GBP Moderate ex-Alts,MSPXJPL,0.03284
GBP Moderate ex-HFs,LHTRYIN,0.377776
GBP Moderate ex-HFs,LHYIELD,0.1
GBP Moderate ex-HFs,FRUS1GR,0.071778
GBP Moderate ex-HFs,FRUS1VA,0.071778
GBP Moderate ex-HFs,MSUTDKL,0.063333
GBP Moderate ex-HFs,MSEMKF$,0.063333
GBP Moderate ex-HFs,MSEXUKL,0.059111
GBP Moderate ex-HFs,FRUSS2L,0.033778
GBP Moderate ex-HFs,PE_BUYOUT,0.030556
GBP Moderate ex-HFs,MSJPANL,0.029556
GBP Moderate ex-HFs,MSPXJPL,0.029556
GBP Moderate ex-HFs,PRIVATE_CREDIT,0.026667
GBP Moderate ex-HFs,PA_REAL_ESTATE,0.017778
GBP Moderate ex-HFs,PE_GROWTH,0.016667
GBP Moderate ex-HFs,PE_VENTURE,0.008333
GBP Moderate ex-HFs ex-RAs,LHTRYIN,0.377777
GBP Moderate ex-HFs ex-RAs,LHYIELD,0.1
GBP Moderate ex-HFs ex-RAs,FRUS1GR,0.071778
GBP Moderate ex-HFs ex-RAs,FRUS1VA,0.071778
GBP Moderate ex-HFs ex-RAs,MSUTDKL,0.063333
GBP Moderate ex-HFs ex-RAs,MSEMKF$,0.063333
GBP Moderate ex-HFs ex-RAs,MSEXUKL,0.059111
GBP Moderate ex-HFs ex-RAs,PRIVATE_CREDIT,0.044444
GBP Moderate ex-HFs ex-RAs,FRUSS2L,0.033778
GBP Moderate ex-HFs ex-RAs,PE_BUYOUT,0.030556
GBP Moderate ex-HFs ex-RAs,MSJPANL,0.029556
GBP Moderate ex-HFs ex-RAs,MSPXJPL,0.029556
GBP Moderate ex-HFs ex-RAs,PE_GROWTH,0.016667
GBP Moderate ex-HFs ex-RAs,PE_VENTURE,0.008333
GBP Moderate Full ex-RAs,LHTRYIN,0.34
GBP Moderate Full ex-RAs,LHYIELD,0.09
GBP Moderate Full ex-RAs,FRUS1GR,0.0646
GBP Moderate Full ex-RAs,FRUS1VA,0.0646
GBP Moderate Full ex-RAs,MSUTDKL,0.057
GBP Moderate Full ex-RAs,MSEMKF$,0.057
GBP Moderate Full ex-RAs,MSEXUKL,0.0532
GBP Moderate Full ex-RAs,CSTLNSH,0.04
GBP Moderate Full ex-RAs,PRIVATE_CREDIT,0.04
GBP Moderate Full ex-RAs,CSTEVDH,0.035
GBP Moderate Full ex-RAs,FRUSS2L,0.0304
GBP Moderate Full ex-RAs,PE_BUYOUT,0.0275
GBP Moderate Full ex-RAs,MSJPANL,0.0266
GBP Moderate Full ex-RAs,MSPXJPL,0.0266
GBP Moderate Full ex-RAs,CSFBMTT,0.025
GBP Moderate Full ex-RAs,PE_GROWTH,0.015
GBP Moderate Full ex-RAs,PE_VENTURE,0.0075
GBP ModAgg Full,LHTRYIN,0.25
GBP ModAgg Full,LHYIELD,0.08
GBP ModAgg Full,FRUS1GR,0.0799
GBP ModAgg Full,FRUS1VA,0.0799
GBP ModAgg Full,MSUTDKL,0.0705
GBP ModAgg Full,MSEMKF$,0.0705
GBP ModAgg Full,MSEXUKL,0.0658
GBP ModAgg Full,CSTLNSH,0.044
GBP ModAgg Full,CSTEVDH,0.0385
GBP ModAgg Full,FRUSS2L,0.0376
GBP ModAgg Full,PE_BUYOUT,0.033
GBP ModAgg Full,MSJPANL,0.0329
GBP ModAgg Full,MSPXJPL,0.0329
GBP ModAgg Full,CSFBMTT,0.0275
GBP ModAgg Full,PE_GROWTH,0.018
GBP ModAgg Full,PRIVATE_CREDIT,0.018
GBP ModAgg Full,PA_REAL_ESTATE,0.012
GBP ModAgg Full,PE_VENTURE,0.009
GBP ModAgg Core,LHTRYIN,0.274723
GBP ModAgg Core,LHYIELD,0.087912
GBP ModAgg Core,FRUS1GR,0.087802
GBP ModAgg Core,FRUS1VA,0.087802
GBP ModAgg Core,MSUTDKL,0.077473
GBP ModAgg Core,MSEMKF$,0.077473
GBP ModAgg Core,MSEXUKL,0.072308
GBP ModAgg Core,CSTLNSH,0.048352
GBP ModAgg Core,CSTEVDH,0.042308
GBP ModAgg Core,FRUSS2L,0.041319
GBP ModAgg Core,MSJPANL,0.036154
GBP ModAgg Core,MSPXJPL,0.036154
GBP ModAgg Core,CSFBMTT,0.03022
GBP ModAgg ex-Alts,LHTRYIN,0.3125
GBP ModAgg ex-Alts,LHYIELD,0.1
GBP ModAgg ex-Alts,FRUS1GR,0.099875
GBP ModAgg ex-Alts,FRUS1VA,0.099875
GBP ModAgg ex-Alts,MSUTDKL,0.088125
GBP ModAgg ex-Alts,MSEMKF$,0.088125
GBP ModAgg ex-Alts,MSEXUKL,0.08225
GBP ModAgg ex-Alts,FRUSS2L,0.047
GBP ModAgg ex-Alts,MSJPANL,0.041125
GBP ModAgg ex-Alts,MSPXJPL,0.041125
GBP ModAgg ex-HFs,LHTRYIN,0.2809
GBP ModAgg ex-HFs,LHYIELD,0.089888
GBP ModAgg ex-HFs,FRUS1GR,0.089775
GBP ModAgg ex-HFs,FRUS1VA,0.089775
GBP ModAgg ex-HFs,MSUTDKL,0.079213
GBP ModAgg ex-HFs,MSEMKF$,0.079213
GBP ModAgg ex-HFs,MSEXUKL,0.073933
GBP ModAgg ex-HFs,FRUSS2L,0.042247
GBP ModAgg ex-HFs,PE_BUYOUT,0.037079
GBP ModAgg ex-HFs,MSJPANL,0.036966
GBP ModAgg ex-HFs,MSPXJPL,0.036966
GBP ModAgg ex-HFs,PE_GROWTH,0.020225
GBP ModAgg ex-HFs,PRIVATE_CREDIT,0.020225
GBP ModAgg ex-HFs,PA_REAL_ESTATE,0.013483
GBP ModAgg ex-HFs,PE_VENTURE,0.010112
GBP ModAgg ex-HFs ex-RAs,LHTRYIN,0.2809
GBP ModAgg ex-HFs ex-RAs,LHYIELD,0.089888
GBP ModAgg ex-HFs ex-RAs,FRUS1GR,0.089775
GBP ModAgg ex-HFs ex-RAs,FRUS1VA,0.089775
GBP ModAgg ex-HFs ex-RAs,MSUTDKL,0.079213
GBP ModAgg ex-HFs ex-RAs,MSEMKF$,0.079213
GBP ModAgg ex-HFs ex-RAs,MSEXUKL,0.073933
GBP ModAgg ex-HFs ex-RAs,FRUSS2L,0.042247
GBP ModAgg ex-HFs ex-RAs,PE_BUYOUT,0.037079
GBP ModAgg ex-HFs ex-RAs,MSJPANL,0.036966
GBP ModAgg ex-HFs ex-RAs,MSPXJPL,0.036966
GBP ModAgg ex-HFs ex-RAs,PRIVATE_CREDIT,0.033708
GBP ModAgg ex-HFs ex-RAs,PE_GROWTH,0.020225
GBP ModAgg ex-HFs ex-RAs,PE_VENTURE,0.010112
GBP ModAgg Full ex-RAs,LHTRYIN,0.25
GBP ModAgg Full ex-RAs,LHYIELD,0.08
GBP ModAgg Full ex-RAs,FRUS1GR,0.0799
GBP ModAgg Full ex-RAs,FRUS1VA,0.0799
GBP ModAgg Full ex-RAs,MSUTDKL,0.0705
GBP ModAgg Full ex-RAs,MSEMKF$,0.0705
GBP ModAgg Full ex-RAs,MSEXUKL,0.0658
GBP ModAgg Full ex-RAs,CSTLNSH,0.044
GBP ModAgg Full ex-RAs,CSTEVDH,0.0385
GBP ModAgg Full ex-RAs,FRUSS2L,0.0376
GBP ModAgg Full ex-RAs,PE_BUYOUT,0.033
GBP ModAgg Full ex-RAs,MSJPANL,0.0329
GBP ModAgg Full ex-RAs,MSPXJPL,0.0329
GBP ModAgg Full ex-RAs,PRIVATE_CREDIT,0.03
GBP ModAgg Full ex-RAs,CSFBMTT,0.0275
GBP ModAgg Full ex-RAs,PE_GROWTH,0.018
GBP ModAgg Full ex-RAs,PE_VENTURE,0.009
GBP Agg Full,LHTRYIN,0.16
GBP Agg Full,FRUS1GR,0.0969
GBP Agg Full,FRUS1VA,0.0969
GBP Agg Full,MSUTDKL,0.0855
GBP Agg Full,MSEMKF$,0.0855
GBP Agg Full,MSEXUKL,0.0798
GBP Agg Full,LHYIELD,0.07
GBP Agg Full,FRUSS2L,0.0456
GBP Agg Full,CSTLNSH,0.044
GBP Agg Full,MSJPANL,0.0399
GBP Agg Full,MSPXJPL,0.0399
GBP Agg Full,CSTEVDH,0.0385
GBP Agg Full,PE_BUYOUT,0.033
GBP Agg Full,CSFBMTT,0.0275
GBP Agg Full,PE_GROWTH,0.018
GBP Agg Full,PRIVATE_CREDIT,0.018
GBP Agg Full,PA_REAL_ESTATE,0.012
GBP Agg Full,PE_VENTURE,0.009
GBP Agg Core,LHTRYIN,0.175823
GBP Agg Core,FRUS1GR,0.106484
GBP Agg Core,FRUS1VA,0.106484
GBP Agg Core,MSUTDKL,0.093956
GBP Agg Core,MSEMKF$,0.093956
GBP Agg Core,MSEXUKL,0.087692
GBP Agg Core,LHYIELD,0.076923
GBP Agg Core,FRUSS2L,0.05011
GBP Agg Core,CSTLNSH,0.048352
GBP Agg Core,MSJPANL,0.043846
GBP Agg Core,MSPXJPL,0.043846
GBP Agg Core,CSTEVDH,0.042308
GBP Agg Core,CSFBMTT,0.03022
GBP Agg ex-Alts,LHTRYIN,0.2
GBP Agg ex-Alts,FRUS1GR,0.121125
GBP Agg ex-Alts,FRUS1VA,0.121125
GBP Agg ex-Alts,MSUTDKL,0.106875
GBP Agg ex-Alts,MSEMKF$,0.106875
GBP Agg ex-Alts,MSEXUKL,0.09975
GBP Agg ex-Alts,LHYIELD,0.0875
GBP Agg ex-Alts,FRUSS2L,0.057
GBP Agg ex-Alts,MSJPANL,0.049875
GBP Agg ex-Alts,MSPXJPL,0.049875
GBP Agg ex-HFs,LHTRYIN,0.179777
GBP Agg ex-HFs,FRUS1GR,0.108876
GBP Agg ex-HFs,FRUS1VA,0.108876
GBP Agg ex-HFs,MSUTDKL,0.096067
GBP Agg ex-HFs,MSEMKF$,0.096067
GBP Agg ex-HFs,MSEXUKL,0.089663
GBP Agg ex-HFs,LHYIELD,0.078652
GBP Agg ex-HFs,FRUSS2L,0.051236
GBP Agg ex-HFs,MSJPANL,0.044831
GBP Agg ex-HFs,MSPXJPL,0.044831
GBP Agg ex-HFs,PE_BUYOUT,0.037079
GBP Agg ex-HFs,PE_GROWTH,0.020225
GBP Agg ex-HFs,PRIVATE_CREDIT,0.020225
GBP Agg ex-HFs,PA_REAL_ESTATE,0.013483
GBP Agg ex-HFs,PE_VENTURE,0.010112
GBP Agg ex-HFs ex-RAs,LHTRYIN,0.179777
GBP Agg ex-HFs ex-RAs,FRUS1GR,0.108876
GBP Agg ex-HFs ex-RAs,FRUS1VA,0.108876
GBP Agg ex-HFs ex-RAs,MSUTDKL,0.096067
GBP Agg ex-HFs ex-RAs,MSEMKF$,0.096067
GBP Agg ex-HFs ex-RAs,MSEXUKL,0.089663
GBP Agg ex-HFs ex-RAs,LHYIELD,0.078652
GBP Agg ex-HFs ex-RAs,FRUSS2L,0.051236
GBP Agg ex-HFs ex-RAs,MSJPANL,0.044831
GBP Agg ex-HFs ex-RAs,MSPXJPL,0.044831
GBP Agg ex-HFs ex-RAs,PE_BUYOUT,0.037079
GBP Agg ex-HFs ex-RAs,PRIVATE_CREDIT,0.033708
GBP Agg ex-HFs ex-RAs,PE_GROWTH,0.020225
GBP Agg ex-HFs ex-RAs,PE_VENTURE,0.010112
GBP Agg Full ex-RAs,LHTRYIN,0.16
GBP Agg Full ex-RAs,FRUS1GR,0.0969
GBP Agg Full ex-RAs,FRUS1VA,0.0969
GBP Agg Full ex-RAs,MSUTDKL,0.0855
GBP Agg Full ex-RAs,MSEMKF$,0.0855
GBP Agg Full ex-RAs,MSEXUKL,0.0798
GBP Agg Full ex-RAs,LHYIELD,0.07
GBP Agg Full ex-RAs,FRUSS2L,0.0456
GBP Agg Full ex-RAs,CSTLNSH,0.044
GBP Agg Full ex-RAs,MSJPANL,0.0399
GBP Agg Full ex-RAs,MSPXJPL,0.0399
GBP Agg Full ex-RAs,CSTEVDH,0.0385
GBP Agg Full ex-RAs,PE_BUYOUT,0.033
GBP Agg Full ex-RAs,PRIVATE_CREDIT,0.03
GBP Agg Full ex-RAs,CSFBMTT,0.0275
GBP Agg Full ex-RAs,PE_GROWTH,0.018
GBP Agg Full ex-RAs,PE_VENTURE,0.009
GBP Higher Risk Full,FRUS1GR,0.1156
GBP Higher Risk Full,FRUS1VA,0.1156
GBP Higher Risk Full,MSUTDKL,0.102
GBP Higher Risk Full,MSEMKF$,0.102
GBP Higher Risk Full,MSEXUKL,0.0952
GBP Higher Risk Full,LHTRYIN,0.08
GBP Higher Risk Full,FRUSS2L,0.0544
GBP Higher Risk Full,LHYIELD,0.05
GBP Higher Risk Full,MSJPANL,0.0476
GBP Higher Risk Full,MSPXJPL,0.0476
GBP Higher Risk Full,CSTLNSH,0.04
GBP Higher Risk Full,CSTEVDH,0.035
GBP Higher Risk Full,PE_BUYOUT,0.033
GBP Higher Risk Full,CSFBMTT,0.025
GBP Higher Risk Full,PE_GROWTH,0.018
GBP Higher Risk Full,PRIVATE_CREDIT,0.018
GBP Higher Risk Full,PA_REAL_ESTATE,0.012
GBP Higher Risk Full,PE_VENTURE,0.009
GBP Higher Risk Core,FRUS1GR,0.127032
GBP Higher Risk Core,FRUS1VA,0.127033
GBP Higher Risk Core,MSUTDKL,0.112088
GBP Higher Risk Core,MSEMKF$,0.112088
GBP Higher Risk Core,MSEXUKL,0.104615
GBP Higher Risk Core,LHTRYIN,0.087912
GBP Higher Risk Core,FRUSS2L,0.05978
GBP Higher Risk Core,LHYIELD,0.054945
GBP Higher Risk Core,MSJPANL,0.052308
GBP Higher Risk Core,MSPXJPL,0.052308
GBP Higher Risk Core,CSTLNSH,0.043956
GBP Higher Risk Core,CSTEVDH,0.038462
GBP Higher Risk Core,CSFBMTT,0.027473
GBP Higher Risk ex-Alts,FRUS1GR,0.142718
GBP Higher Risk ex-Alts,FRUS1VA,0.142716
GBP Higher Risk ex-Alts,MSUTDKL,0.125926
GBP Higher Risk ex-Alts,MSEMKF$,0.125926
GBP Higher Risk ex-Alts,MSEXUKL,0.117531
GBP Higher Risk ex-Alts,LHTRYIN,0.098765
GBP Higher Risk ex-Alts,FRUSS2L,0.06716
GBP Higher Risk ex-Alts,LHYIELD,0.061728
GBP Higher Risk ex-Alts,MSJPANL,0.058765
GBP Higher Risk ex-Alts,MSPXJPL,0.058765
GBP Higher Risk ex-HFs,FRUS1GR,0.128445
GBP Higher Risk ex-HFs,FRUS1VA,0.128444
GBP Higher Risk ex-HFs,MSUTDKL,0.113333
GBP Higher Risk ex-HFs,MSEMKF$,0.113333
GBP Higher Risk ex-HFs,MSEXUKL,0.105778
GBP Higher Risk ex-HFs,LHTRYIN,0.088889
GBP Higher Risk ex-HFs,FRUSS2L,0.060444
GBP Higher Risk ex-HFs,LHYIELD,0.055556
GBP Higher Risk ex-HFs,MSJPANL,0.052889
GBP Higher Risk ex-HFs,MSPXJPL,0.052889
GBP Higher Risk ex-HFs,PE_BUYOUT,0.036667
GBP Higher Risk ex-HFs,PE_GROWTH,0.02
GBP Higher Risk ex-HFs,PRIVATE_CREDIT,0.02
GBP Higher Risk ex-HFs,PA_REAL_ESTATE,0.013333
GBP Higher Risk ex-HFs,PE_VENTURE,0.01
GBP Higher Risk ex-HFs ex-RAs,FRUS1GR,0.128445
GBP Higher Risk ex-HFs ex-RAs,FRUS1VA,0.128444
GBP Higher Risk ex-HFs ex-RAs,MSUTDKL,0.113333
GBP Higher Risk ex-HFs ex-RAs,MSEMKF$,0.113333
GBP Higher Risk ex-HFs ex-RAs,MSEXUKL,0.105778
GBP Higher Risk ex-HFs ex-RAs,LHTRYIN,0.088889
GBP Higher Risk ex-HFs ex-RAs,FRUSS2L,0.060444
GBP Higher Risk ex-HFs ex-RAs,LHYIELD,0.055556
GBP Higher Risk ex-HFs ex-RAs,MSJPANL,0.052889
GBP Higher Risk ex-HFs ex-RAs,MSPXJPL,0.052889
GBP Higher Risk ex-HFs ex-RAs,PE_BUYOUT,0.036667
GBP Higher Risk ex-HFs ex-RAs,PRIVATE_CREDIT,0.033333
GBP Higher Risk ex-HFs ex-RAs,PE_GROWTH,0.02
GBP Higher Risk ex-HFs ex-RAs,PE_VENTURE,0.01
GBP Higher Risk Full ex-RAs,FRUS1GR,0.1156
GBP Higher Risk Full ex-RAs,FRUS1VA,0.1156
GBP Higher Risk Full ex-RAs,MSUTDKL,0.102
GBP Higher Risk Full ex-RAs,MSEMKF$,0.102
GBP Higher Risk Full ex-RAs,MSEXUKL,0.0952
GBP Higher Risk Full ex-RAs,LHTRYIN,0.08
GBP Higher Risk Full ex-RAs,FRUSS2L,0.0544
GBP Higher Risk Full ex-RAs,LHYIELD,0.05
GBP Higher Risk Full ex-RAs,MSJPANL,0.0476
GBP Higher Risk Full ex-RAs,MSPXJPL,0.0476
GBP Higher Risk Full ex-RAs,CSTLNSH,0.04
GBP Higher Risk Full ex-RAs,CSTEVDH,0.035
GBP Higher Risk Full ex-RAs,PE_BUYOUT,0.033
GBP Higher Risk Full ex-RAs,PRIVATE_CREDIT,0.03
GBP Higher Risk Full ex-RAs,CSFBMTT,0.025
GBP Higher Risk Full ex-RAs,PE_GROWTH,0.018
GBP Higher Risk Full ex-RAs,PE_VENTURE,0.009
GBP All Equity,FRUS1GR,0.17
GBP All Equity,FRUS1VA,0.17
GBP All Equity,MSUTDKL,0.15
GBP All Equity,MSEMKF$,0.15
GBP All Equity,MSEXUKL,0.14
GBP All Equity,FRUSS2L,0.08
GBP All Equity,MSJPANL,0.07
GBP All Equity,MSPXJPL,0.07
CHF LowVol Full,LHTRYIN,0.62
CHF LowVol Full,LHYIELD,0.1
CHF LowVol Full,MSEXUKL,0.032
CHF LowVol Full,FRUS1GR,0.0304
CHF LowVol Full,FRUS1VA,0.0304
CHF LowVol Full,CSTLNSH,0.028
CHF LowVol Full,CSTEVDH,0.0245
CHF LowVol Full,MSEMKF$,0.024
CHF LowVol Full,CSFBMTT,0.0175
CHF LowVol Full,PE_BUYOUT,0.0165
CHF LowVol Full,FRUSS2L,0.0128
CHF LowVol Full,PRIVATE_CREDIT,0.012
CHF LowVol Full,MSJPANL,0.0112
CHF LowVol Full,MSPXJPL,0.0112
CHF LowVol Full,PE_GROWTH,0.009
CHF LowVol Full,MSUTDKL,0.008
CHF LowVol Full,PA_REAL_ESTATE,0.008
CHF LowVol Full,PE_VENTURE,0.0045
CHF LowVol Core,LHTRYIN,0.652633
CHF LowVol Core,LHYIELD,0.105263
CHF LowVol Core,MSEXUKL,0.033684
CHF LowVol Core,FRUS1GR,0.032
CHF LowVol Core,FRUS1VA,0.032
CHF LowVol Core,CSTLNSH,0.029474
CHF LowVol Core,CSTEVDH,0.025789
CHF LowVol Core,MSEMKF$,0.025263
CHF LowVol Core,CSFBMTT,0.018421
CHF LowVol Core,FRUSS2L,0.013474
CHF LowVol Core,MSJPANL,0.011789
CHF LowVol Core,MSPXJPL,0.011789
CHF LowVol Core,MSUTDKL,0.008421
CHF LowVol ex-Alts,LHTRYIN,0.704547
CHF LowVol ex-Alts,LHYIELD,0.113636
CHF LowVol ex-Alts,MSEXUKL,0.036364
CHF LowVol ex-Alts,FRUS1GR,0.034545
CHF LowVol ex-Alts,FRUS1VA,0.034545
CHF LowVol ex-Alts,MSEMKF$,0.027273
CHF LowVol ex-Alts,FRUSS2L,0.014545
CHF LowVol ex-Alts,MSJPANL,0.012727
CHF LowVol ex-Alts,MSPXJPL,0.012727
CHF LowVol ex-Alts,MSUTDKL,0.009091
CHF LowVol ex-HFs,LHTRYIN,0.666668
CHF LowVol ex-HFs,LHYIELD,0.107527
CHF LowVol ex-HFs,MSEXUKL,0.034409
CHF LowVol ex-HFs,FRUS1GR,0.032688
CHF LowVol ex-HFs,FRUS1VA,0.032688
CHF LowVol ex-HFs,MSEMKF$,0.025806
CHF LowVol ex-HFs,PE_BUYOUT,0.017742
CHF LowVol ex-HFs,FRUSS2L,0.013763
CHF LowVol ex-HFs,PRIVATE_CREDIT,0.012903
CHF LowVol ex-HFs,MSJPANL,0.012043
CHF LowVol ex-HFs,MSPXJPL,0.012043
CHF LowVol ex-HFs,PE_GROWTH,0.009677
CHF LowVol ex-HFs,MSUTDKL,0.008602
CHF LowVol ex-HFs,PA_REAL_ESTATE,0.008602
CHF LowVol ex-HFs,PE_VENTURE,0.004839
CHF LowVol ex-HFs ex-RAs,LHTRYIN,0.666668
CHF LowVol ex-HFs ex-RAs,LHYIELD,0.107527
CHF LowVol ex-HFs ex-RAs,MSEXUKL,0.034409
CHF LowVol ex-HFs ex-RAs,FRUS1GR,0.032688
CHF LowVol ex-HFs ex-RAs,FRUS1VA,0.032688
CHF LowVol ex-HFs ex-RAs,MSEMKF$,0.025806
CHF LowVol ex-HFs ex-RAs,PRIVATE_CREDIT,0.021505
CHF LowVol ex-HFs ex-RAs,PE_BUYOUT,0.017742
CHF LowVol ex-HFs ex-RAs,FRUSS2L,0.013763
CHF LowVol ex-HFs ex-RAs,MSJPANL,0.012043
CHF LowVol ex-HFs ex-RAs,MSPXJPL,0.012043
CHF LowVol ex-HFs ex-RAs,PE_GROWTH,0.009677
CHF LowVol ex-HFs ex-RAs,MSUTDKL,0.008602
CHF LowVol ex-HFs ex-RAs,PE_VENTURE,0.004839
CHF LowVol Full ex-RAs,LHTRYIN,0.62
CHF LowVol Full ex-RAs,LHYIELD,0.1
CHF LowVol Full ex-RAs,MSEXUKL,0.032
CHF LowVol Full ex-RAs,FRUS1GR,0.0304
CHF LowVol Full ex-RAs,FRUS1VA,0.0304
CHF LowVol Full ex-RAs,CSTLNSH,0.028
CHF LowVol Full ex-RAs,CSTEVDH,0.0245
CHF LowVol Full ex-RAs,MSEMKF$,0.024
CHF LowVol Full ex-RAs,PRIVATE_CREDIT,0.02
CHF LowVol Full ex-RAs,CSFBMTT,0.0175
CHF LowVol Full ex-RAs,PE_BUYOUT,0.0165
CHF LowVol Full ex-RAs,FRUSS2L,0.0128
CHF LowVol Full ex-RAs,MSJPANL,0.0112
CHF LowVol Full ex-RAs,MSPXJPL,0.0112
CHF LowVol Full ex-RAs,PE_GROWTH,0.009
CHF LowVol Full ex-RAs,MSUTDKL,0.008
CHF LowVol Full ex-RAs,PE_VENTURE,0.0045
CHF Conservative Full,LHTRYIN,0.5
CHF Conservative Full,LHYIELD,0.1
CHF Conservative Full,MSEXUKL,0.048
CHF Conservative Full,FRUS1GR,0.0456
CHF Conservative Full,FRUS1VA,0.0456
CHF Conservative Full,MSEMKF$,0.036
CHF Conservative Full,CSTLNSH,0.036
CHF Conservative Full,CSTEVDH,0.0315
CHF Conservative Full,CSFBMTT,0.0225
CHF Conservative Full,PE_BUYOUT,0.022
CHF Conservative Full,FRUSS2L,0.0192
CHF Conservative Full,PRIVATE_CREDIT,0.018
CHF Conservative Full,MSJPANL,0.0168
CHF Conservative Full,MSPXJPL,0.0168
CHF Conservative Full,MSUTDKL,0.012
CHF Conservative Full,PE_GROWTH,0.012
CHF Conservative Full,PA_REAL_ESTATE,0.012
CHF Conservative Full,PE_VENTURE,0.006
CHF Conservative Core,LHTRYIN,0.537633
CHF Conservative Core,LHYIELD,0.107527
CHF Conservative Core,MSEXUKL,0.051613
CHF Conservative Core,FRUS1GR,0.049032
CHF Conservative Core,FRUS1VA,0.049032
CHF Conservative Core,MSEMKF$,0.03871
CHF Conservative Core,CSTLNSH,0.03871
CHF Conservative Core,CSTEVDH,0.033871
CHF Conservative Core,CSFBMTT,0.024194
CHF Conservative Core,FRUSS2L,0.020645
CHF Conservative Core,MSJPANL,0.018065
CHF Conservative Core,MSPXJPL,0.018065
CHF Conservative Core,MSUTDKL,0.012903
CHF Conservative ex-Alts,LHTRYIN,0.595237
CHF Conservative ex-Alts,LHYIELD,0.119048
CHF Conservative ex-Alts,MSEXUKL,0.057143
CHF Conservative ex-Alts,FRUS1GR,0.054286
CHF Conservative ex-Alts,FRUS1VA,0.054286
CHF Conservative ex-Alts,MSEMKF$,0.042857
CHF Conservative ex-Alts,FRUSS2L,0.022857
CHF Conservative ex-Alts,MSJPANL,0.02
CHF Conservative ex-Alts,MSPXJPL,0.02
CHF Conservative ex-Alts,MSUTDKL,0.014286
CHF Conservative ex-HFs,LHTRYIN,0.54945
CHF Conservative ex-HFs,LHYIELD,0.10989
CHF Conservative ex-HFs,MSEXUKL,0.052747
CHF Conservative ex-HFs,FRUS1GR,0.05011
CHF Conservative ex-HFs,FRUS1VA,0.05011
CHF Conservative ex-HFs,MSEMKF$,0.03956
CHF Conservative ex-HFs,PE_BUYOUT,0.024176
CHF Conservative ex-HFs,FRUSS2L,0.021099
CHF Conservative ex-HFs,PRIVATE_CREDIT,0.01978
CHF Conservative ex-HFs,MSJPANL,0.018462
CHF Conservative ex-HFs,MSPXJPL,0.018462
CHF Conservative ex-HFs,MSUTDKL,0.013187
CHF Conservative ex-HFs,PE_GROWTH,0.013187
CHF Conservative ex-HFs,PA_REAL_ESTATE,0.013187
CHF Conservative ex-HFs,PE_VENTURE,0.006593
CHF Conservative ex-HFs ex-RAs,LHTRYIN,0.54945
CHF Conservative ex-HFs ex-RAs,LHYIELD,0.10989
CHF Conservative ex-HFs ex-RAs,MSEXUKL,0.052747
CHF Conservative ex-HFs ex-RAs,FRUS1GR,0.05011
CHF Conservative ex-HFs ex-RAs,FRUS1VA,0.05011
CHF Conservative ex-HFs ex-RAs,MSEMKF$,0.03956
CHF Conservative ex-HFs ex-RAs,PRIVATE_CREDIT,0.032967
CHF Conservative ex-HFs ex-RAs,PE_BUYOUT,0.024176
CHF Conservative ex-HFs ex-RAs,FRUSS2L,0.021099
CHF Conservative ex-HFs ex-RAs,MSJPANL,0.018462
CHF Conservative ex-HFs ex-RAs,MSPXJPL,0.018462
CHF Conservative ex-HFs ex-RAs,MSUTDKL,0.013187
CHF Conservative ex-HFs ex-RAs,PE_GROWTH,0.013187
CHF Conservative ex-HFs ex-RAs,PE_VENTURE,0.006593
CHF Conservative Full ex-RAs,LHTRYIN,0.5
CHF Conservative Full ex-RAs,LHYIELD,0.1
CHF Conservative Full ex-RAs,MSEXUKL,0.048
CHF Conservative Full ex-RAs,FRUS1GR,0.0456
CHF Conservative Full ex-RAs,FRUS1VA,0.0456
CHF Conservative Full ex-RAs,MSEMKF$,0.036
CHF Conservative Full ex-RAs,CSTLNSH,0.036
CHF Conservative Full ex-RAs,CSTEVDH,0.0315
CHF Conservative Full ex-RAs,PRIVATE_CREDIT,0.03
CHF Conservative Full ex-RAs,CSFBMTT,0.0225
CHF Conservative Full ex-RAs,PE_BUYOUT,0.022
CHF Conservative Full ex-RAs,FRUSS2L,0.0192
CHF Conservative Full ex-RAs,MSJPANL,0.0168
CHF Conservative Full ex-RAs,MSPXJPL,0.0168
CHF Conservative Full ex-RAs,MSUTDKL,0.012
CHF Conservative Full ex-RAs,PE_GROWTH,0.012
CHF Conservative Full ex-RAs,PE_VENTURE,0.006
CHF ConsMod Full,LHTRYIN,0.4
CHF ConsMod Full,LHYIELD,0.09
CHF ConsMod Full,MSEXUKL,0.064
CHF ConsMod Full,FRUS1GR,0.0608
CHF ConsMod Full,FRUS1VA,0.0608
CHF ConsMod Full,MSEMKF$,0.048
CHF ConsMod Full,CSTLNSH,0.04
CHF ConsMod Full,CSTEVDH,0.035
CHF ConsMod Full,PE_BUYOUT,0.0275
CHF ConsMod Full,FRUSS2L,0.0256
CHF ConsMod Full,CSFBMTT,0.025
CHF ConsMod Full,PRIVATE_CREDIT,0.024
CHF ConsMod Full,MSJPANL,0.0224
CHF ConsMod Full,MSPXJPL,0.0224
CHF ConsMod Full,MSUTDKL,0.016
CHF ConsMod Full,PA_REAL_ESTATE,0.016
CHF ConsMod Full,PE_GROWTH,0.015
CHF ConsMod Full,PE_VENTURE,0.0075
CHF ConsMod Core,LHTRYIN,0.439561
CHF ConsMod Core,LHYIELD,0.098901
CHF ConsMod Core,MSEXUKL,0.07033
CHF ConsMod Core,FRUS1GR,0.066813
CHF ConsMod Core,FRUS1VA,0.066813
CHF ConsMod Core,MSEMKF$,0.052747
CHF ConsMod Core,CSTLNSH,0.043956
CHF ConsMod Core,CSTEVDH,0.038462
CHF ConsMod Core,FRUSS2L,0.028132
CHF ConsMod Core,CSFBMTT,0.027473
CHF ConsMod Core,MSJPANL,0.024615
CHF ConsMod Core,MSPXJPL,0.024615
CHF ConsMod Core,MSUTDKL,0.017582
CHF ConsMod ex-Alts,LHTRYIN,0.493828
CHF ConsMod ex-Alts,LHYIELD,0.111111
CHF ConsMod ex-Alts,MSEXUKL,0.079012
CHF ConsMod ex-Alts,FRUS1GR,0.075062
CHF ConsMod ex-Alts,FRUS1VA,0.075062
CHF ConsMod ex-Alts,MSEMKF$,0.059259
CHF ConsMod ex-Alts,FRUSS2L,0.031605
CHF ConsMod ex-Alts,MSJPANL,0.027654
CHF ConsMod ex-Alts,MSPXJPL,0.027654
CHF ConsMod ex-Alts,MSUTDKL,0.019753
CHF ConsMod ex-HFs,LHTRYIN,0.444443
CHF ConsMod ex-HFs,LHYIELD,0.1
CHF ConsMod ex-HFs,MSEXUKL,0.071111
CHF ConsMod ex-HFs,FRUS1GR,0.067556
CHF ConsMod ex-HFs,FRUS1VA,0.067556
CHF ConsMod ex-HFs,MSEMKF$,0.053333
CHF ConsMod ex-HFs,PE_BUYOUT,0.030556
CHF ConsMod ex-HFs,FRUSS2L,0.028444
CHF ConsMod ex-HFs,PRIVATE_CREDIT,0.026667
CHF ConsMod ex-HFs,MSJPANL,0.024889
CHF ConsMod ex-HFs,MSPXJPL,0.024889
CHF ConsMod ex-HFs,MSUTDKL,0.017778
CHF ConsMod ex-HFs,PA_REAL_ESTATE,0.017778
CHF ConsMod ex-HFs,PE_GROWTH,0.016667
CHF ConsMod ex-HFs,PE_VENTURE,0.008333
CHF ConsMod ex-HFs ex-RAs,LHTRYIN,0.444444
CHF ConsMod ex-HFs ex-RAs,LHYIELD,0.1
CHF ConsMod ex-HFs ex-RAs,MSEXUKL,0.071111
CHF ConsMod ex-HFs ex-RAs,FRUS1GR,0.067556
CHF ConsMod ex-HFs ex-RAs,FRUS1VA,0.067556
CHF ConsMod ex-HFs ex-RAs,MSEMKF$,0.053333
CHF ConsMod ex-HFs ex-RAs,PRIVATE_CREDIT,0.044444
CHF ConsMod ex-HFs ex-RAs,PE_BUYOUT,0.030556
CHF ConsMod ex-HFs ex-RAs,FRUSS2L,0.028444
CHF ConsMod ex-HFs ex-RAs,MSJPANL,0.024889
CHF ConsMod ex-HFs ex-RAs,MSPXJPL,0.024889
CHF ConsMod ex-HFs ex-RAs,MSUTDKL,0.017778
CHF ConsMod ex-HFs ex-RAs,PE_GROWTH,0.016667
CHF ConsMod ex-HFs ex-RAs,PE_VENTURE,0.008333
CHF ConsMod Full ex-RAs,LHTRYIN,0.4
CHF ConsMod Full ex-RAs,LHYIELD,0.09
CHF ConsMod Full ex-RAs,MSEXUKL,0.064
CHF ConsMod Full ex-RAs,FRUS1GR,0.0608
CHF ConsMod Full ex-RAs,FRUS1VA,0.0608
CHF ConsMod Full ex-RAs,MSEMKF$,0.048
CHF ConsMod Full ex-RAs,CSTLNSH,0.04
CHF ConsMod Full ex-RAs,PRIVATE_CREDIT,0.04
CHF ConsMod Full ex-RAs,CSTEVDH,0.035
CHF ConsMod Full ex-RAs,PE_BUYOUT,0.0275
CHF ConsMod Full ex-RAs,FRUSS2L,0.0256
CHF ConsMod Full ex-RAs,CSFBMTT,0.025
CHF ConsMod Full ex-RAs,MSJPANL,0.0224
CHF ConsMod Full ex-RAs,MSPXJPL,0.0224
CHF ConsMod Full ex-RAs,MSUTDKL,0.016
CHF ConsMod Full ex-RAs,PE_GROWTH,0.015
CHF ConsMod Full ex-RAs,PE_VENTURE,0.0075
CHF Moderate Full,LHTRYIN,0.34
CHF Moderate Full,LHYIELD,0.09
CHF Moderate Full,MSEXUKL,0.076
CHF Moderate Full,FRUS1GR,0.0722
CHF Moderate Full,FRUS1VA,0.0722
CHF Moderate Full,MSEMKF$,0.057
CHF Moderate Full,CSTLNSH,0.04
CHF Moderate Full,CSTEVDH,0.035
CHF Moderate Full,FRUSS2L,0.0304
CHF Moderate Full,PE_BUYOUT,0.0275
CHF Moderate Full,MSJPANL,0.0266
CHF Moderate Full,MSPXJPL,0.0266
CHF Moderate Full,CSFBMTT,0.025
CHF Moderate Full,PRIVATE_CREDIT,0.024
CHF Moderate Full,MSUTDKL,0.019
CHF Moderate Full,PA_REAL_ESTATE,0.016
CHF Moderate Full,PE_GROWTH,0.015
CHF Moderate Full,PE_VENTURE,0.0075
CHF Moderate Core,LHTRYIN,0.373625
CHF Moderate Core,LHYIELD,0.098901
CHF Moderate Core,MSEXUKL,0.083516
CHF Moderate Core,FRUS1GR,0.079341
CHF Moderate Core,FRUS1VA,0.079341
CHF Moderate Core,MSEMKF$,0.062637
CHF Moderate Core,CSTLNSH,0.043956
CHF Moderate Core,CSTEVDH,0.038462
CHF Moderate Core,FRUSS2L,0.033407
CHF Moderate Core,MSJPANL,0.029231
CHF Moderate Core,MSPXJPL,0.029231
CHF Moderate Core,CSFBMTT,0.027473
CHF Moderate Core,MSUTDKL,0.020879
CHF Moderate ex-Alts,LHTRYIN,0.419752
CHF Moderate ex-Alts,LHYIELD,0.111111
CHF Moderate ex-Alts,MSEXUKL,0.093827
CHF Moderate ex-Alts,FRUS1GR,0.089136
CHF Moderate ex-Alts,FRUS1VA,0.089136
CHF Moderate ex-Alts,MSEMKF$,0.07037
CHF Moderate ex-Alts,FRUSS2L,0.037531
CHF Moderate ex-Alts,MSJPANL,0.03284
CHF Moderate ex-Alts,MSPXJPL,0.03284
CHF Moderate ex-Alts,MSUTDKL,0.023457
CHF Moderate ex-HFs,LHTRYIN,0.377777
CHF Moderate ex-HFs,LHYIELD,0.1
CHF Moderate ex-HFs,MSEXUKL,0.084444
CHF Moderate ex-HFs,FRUS1GR,0.080222
CHF Moderate ex-HFs,FRUS1VA,0.080222
CHF Moderate ex-HFs,MSEMKF$,0.063333
CHF Moderate ex-HFs,FRUSS2L,0.033778
CHF Moderate ex-HFs,PE_BUYOUT,0.030556
CHF Moderate ex-HFs,MSJPANL,0.029556
CHF Moderate ex-HFs,MSPXJPL,0.029556
CHF Moderate ex-HFs,PRIVATE_CREDIT,0.026667
CHF Moderate ex-HFs,MSUTDKL,0.021111
CHF Moderate ex-HFs,PA_REAL_ESTATE,0.017778
CHF Moderate ex-HFs,PE_GROWTH,0.016667
CHF Moderate ex-HFs,PE_VENTURE,0.008333
CHF Moderate ex-HFs ex-RAs,LHTRYIN,0.377778
CHF Moderate ex-HFs ex-RAs,LHYIELD,0.1
CHF Moderate ex-HFs ex-RAs,MSEXUKL,0.084444
CHF Moderate ex-HFs ex-RAs,FRUS1GR,0.080222
CHF Moderate ex-HFs ex-RAs,FRUS1VA,0.080222
CHF Moderate ex-HFs ex-RAs,MSEMKF$,0.063333
CHF Moderate ex-HFs ex-RAs,PRIVATE_CREDIT,0.044444
CHF Moderate ex-HFs ex-RAs,FRUSS2L,0.033778
CHF Moderate ex-HFs ex-RAs,PE_BUYOUT,0.030556
CHF Moderate ex-HFs ex-RAs,MSJPANL,0.029556
CHF Moderate ex-HFs ex-RAs,MSPXJPL,0.029556
CHF Moderate ex-HFs ex-RAs,MSUTDKL,0.021111
CHF Moderate ex-HFs ex-RAs,PE_GROWTH,0.016667
CHF Moderate ex-HFs ex-RAs,PE_VENTURE,0.008333
CHF Moderate Full ex-RAs,LHTRYIN,0.34
CHF Moderate Full ex-RAs,LHYIELD,0.09
CHF Moderate Full ex-RAs,MSEXUKL,0.076
CHF Moderate Full ex-RAs,FRUS1GR,0.0722
CHF Moderate Full ex-RAs,FRUS1VA,0.0722
CHF Moderate Full ex-RAs,MSEMKF$,0.057
CHF Moderate Full ex-RAs,CSTLNSH,0.04
CHF Moderate Full ex-RAs,PRIVATE_CREDIT,0.04
CHF Moderate Full ex-RAs,CSTEVDH,0.035
CHF Moderate Full ex-RAs,FRUSS2L,0.0304
CHF Moderate Full ex-RAs,PE_BUYOUT,0.0275
CHF Moderate Full ex-RAs,MSJPANL,0.0266
CHF Moderate Full ex-RAs,MSPXJPL,0.0266
CHF Moderate Full ex-RAs,CSFBMTT,0.025
CHF Moderate Full ex-RAs,MSUTDKL,0.019
CHF Moderate Full ex-RAs,PE_GROWTH,0.015
CHF Moderate Full ex-RAs,PE_VENTURE,0.0075
CHF ModAgg Full,LHTRYIN,0.25
CHF ModAgg Full,MSEXUKL,0.094
CHF ModAgg Full,FRUS1GR,0.0893
CHF ModAgg Full,FRUS1VA,0.0893
CHF ModAgg Full,LHYIELD,0.08
CHF ModAgg Full,MSEMKF$,0.0705
CHF ModAgg Full,CSTLNSH,0.044
CHF ModAgg Full,CSTEVDH,0.0385
CHF ModAgg Full,FRUSS2L,0.0376
CHF ModAgg Full,PE_BUYOUT,0.033
CHF ModAgg Full,MSJPANL,0.0329
CHF ModAgg Full,MSPXJPL,0.0329
CHF ModAgg Full,CSFBMTT,0.0275
CHF ModAgg Full,MSUTDKL,0.0235
CHF ModAgg Full,PE_GROWTH,0.018
CHF ModAgg Full,PRIVATE_CREDIT,0.018
CHF ModAgg Full,PA_REAL_ESTATE,0.012
CHF ModAgg Full,PE_VENTURE,0.009
CHF ModAgg Core,LHTRYIN,0.274723
CHF ModAgg Core,MSEXUKL,0.103297
CHF ModAgg Core,FRUS1GR,0.098132
CHF ModAgg Core,FRUS1VA,0.098132
CHF ModAgg Core,LHYIELD,0.087912
CHF ModAgg Core,MSEMKF$,0.077473
CHF ModAgg Core,CSTLNSH,0.048352
CHF ModAgg Core,CSTEVDH,0.042308
CHF ModAgg Core,FRUSS2L,0.041319
CHF ModAgg Core,MSJPANL,0.036154
CHF ModAgg Core,MSPXJPL,0.036154
CHF ModAgg Core,CSFBMTT,0.03022
CHF ModAgg Core,MSUTDKL,0.025824
CHF ModAgg ex-Alts,LHTRYIN,0.3125
CHF ModAgg ex-Alts,MSEXUKL,0.1175
CHF ModAgg ex-Alts,FRUS1GR,0.111625
CHF ModAgg ex-Alts,FRUS1VA,0.111625
CHF ModAgg ex-Alts,LHYIELD,0.1
CHF ModAgg ex-Alts,MSEMKF$,0.088125
CHF ModAgg ex-Alts,FRUSS2L,0.047
CHF ModAgg ex-Alts,MSJPANL,0.041125
CHF ModAgg ex-Alts,MSPXJPL,0.041125
CHF ModAgg ex-Alts,MSUTDKL,0.029375
CHF ModAgg ex-HFs,LHTRYIN,0.2809
CHF ModAgg ex-HFs,MSEXUKL,0.105618
CHF ModAgg ex-HFs,FRUS1GR,0.100337
CHF ModAgg ex-HFs,FRUS1VA,0.100337
CHF ModAgg ex-HFs,LHYIELD,0.089888
CHF ModAgg ex-HFs,MSEMKF$,0.079213
CHF ModAgg ex-HFs,FRUSS2L,0.042247
CHF ModAgg ex-HFs,PE_BUYOUT,0.037079
CHF ModAgg ex-HFs,MSJPANL,0.036966
CHF ModAgg ex-HFs,MSPXJPL,0.036966
CHF ModAgg ex-HFs,MSUTDKL,0.026404
CHF ModAgg ex-HFs,PE_GROWTH,0.020225
CHF ModAgg ex-HFs,PRIVATE_CREDIT,0.020225
CHF ModAgg ex-HFs,PA_REAL_ESTATE,0.013483
CHF ModAgg ex-HFs,PE_VENTURE,0.010112
CHF ModAgg ex-HFs ex-RAs,LHTRYIN,0.2809
CHF ModAgg ex-HFs ex-RAs,MSEXUKL,0.105618
CHF ModAgg ex-HFs ex-RAs,FRUS1GR,0.100337
CHF ModAgg ex-HFs ex-RAs,FRUS1VA,0.100337
CHF ModAgg ex-HFs ex-RAs,LHYIELD,0.089888
CHF ModAgg ex-HFs ex-RAs,MSEMKF$,0.079213
CHF ModAgg ex-HFs ex-RAs,FRUSS2L,0.042247
CHF ModAgg ex-HFs ex-RAs,PE_BUYOUT,0.037079
CHF ModAgg ex-HFs ex-RAs,MSJPANL,0.036966
CHF ModAgg ex-HFs ex-RAs,MSPXJPL,0.036966
CHF ModAgg ex-HFs ex-RAs,PRIVATE_CREDIT,0.033708
CHF ModAgg ex-HFs ex-RAs,MSUTDKL,0.026404
CHF ModAgg ex-HFs ex-RAs,PE_GROWTH,0.020225
CHF ModAgg ex-HFs ex-RAs,PE_VENTURE,0.010112
CHF ModAgg Full ex-RAs,LHTRYIN,0.25
CHF ModAgg Full ex-RAs,MSEXUKL,0.094
CHF ModAgg Full ex-RAs,FRUS1GR,0.0893
CHF ModAgg Full ex-RAs,FRUS1VA,0.0893
CHF ModAgg Full ex-RAs,LHYIELD,0.08
CHF ModAgg Full ex-RAs,MSEMKF$,0.0705
CHF ModAgg Full ex-RAs,CSTLNSH,0.044
CHF ModAgg Full ex-RAs,CSTEVDH,0.0385
CHF ModAgg Full ex-RAs,FRUSS2L,0.0376
CHF ModAgg Full ex-RAs,PE_BUYOUT,0.033
CHF ModAgg Full ex-RAs,MSJPANL,0.0329
CHF ModAgg Full ex-RAs,MSPXJPL,0.0329
CHF ModAgg Full ex-RAs,PRIVATE_CREDIT,0.03
CHF ModAgg Full ex-RAs,CSFBMTT,0.0275
CHF ModAgg Full ex-RAs,MSUTDKL,0.0235
CHF ModAgg Full ex-RAs,PE_GROWTH,0.018
CHF ModAgg Full ex-RAs,PE_VENTURE,0.009
CHF Agg Full,LHTRYIN,0.16
CHF Agg Full,MSEXUKL,0.114
CHF Agg Full,FRUS1GR,0.1083
CHF Agg Full,FRUS1VA,0.1083
CHF Agg Full,MSEMKF$,0.0855
CHF Agg Full,LHYIELD,0.07
CHF Agg Full,FRUSS2L,0.0456
CHF Agg Full,CSTLNSH,0.044
CHF Agg Full,MSJPANL,0.0399
CHF Agg Full,MSPXJPL,0.0399
CHF Agg Full,CSTEVDH,0.0385
CHF Agg Full,PE_BUYOUT,0.033
CHF Agg Full,MSUTDKL,0.0285
CHF Agg Full,CSFBMTT,0.0275
CHF Agg Full,PE_GROWTH,0.018
CHF Agg Full,PRIVATE_CREDIT,0.018
CHF Agg Full,PA_REAL_ESTATE,0.012
CHF Agg Full,PE_VENTURE,0.009
CHF Agg Core,LHTRYIN,0.175823
CHF Agg Core,MSEXUKL,0.125275
CHF Agg Core,FRUS1GR,0.119011
CHF Agg Core,FRUS1VA,0.119011
CHF Agg Core,MSEMKF$,0.093956
CHF Agg Core,LHYIELD,0.076923
CHF Agg Core,FRUSS2L,0.05011
CHF Agg Core,CSTLNSH,0.048352
CHF Agg Core,MSJPANL,0.043846
CHF Agg Core,MSPXJPL,0.043846
CHF Agg Core,CSTEVDH,0.042308
CHF Agg Core,MSUTDKL,0.031319
CHF Agg Core,CSFBMTT,0.03022
CHF Agg ex-Alts,LHTRYIN,0.2
CHF Agg ex-Alts,MSEXUKL,0.1425
CHF Agg ex-Alts,FRUS1GR,0.135375
CHF Agg ex-Alts,FRUS1VA,0.135375
CHF Agg ex-Alts,MSEMKF$,0.106875
CHF Agg ex-Alts,LHYIELD,0.0875
CHF Agg ex-Alts,FRUSS2L,0.057
CHF Agg ex-Alts,MSJPANL,0.049875
CHF Agg ex-Alts,MSPXJPL,0.049875
CHF Agg ex-Alts,MSUTDKL,0.035625
CHF Agg ex-HFs,LHTRYIN,0.179777
CHF Agg ex-HFs,MSEXUKL,0.12809
CHF Agg ex-HFs,FRUS1GR,0.121685
CHF Agg ex-HFs,FRUS1VA,0.121685
CHF Agg ex-HFs,MSEMKF$,0.096067
CHF Agg ex-HFs,LHYIELD,0.078652
CHF Agg ex-HFs,FRUSS2L,0.051236
CHF Agg ex-HFs,MSJPANL,0.044831
CHF Agg ex-HFs,MSPXJPL,0.044831
CHF Agg ex-HFs,PE_BUYOUT,0.037079
CHF Agg ex-HFs,MSUTDKL,0.032022
CHF Agg ex-HFs,PE_GROWTH,0.020225
CHF Agg ex-HFs,PRIVATE_CREDIT,0.020225
CHF Agg ex-HFs,PA_REAL_ESTATE,0.013483
CHF Agg ex-HFs,PE_VENTURE,0.010112
CHF Agg ex-HFs ex-RAs,LHTRYIN,0.179777
CHF Agg ex-HFs ex-RAs,MSEXUKL,0.12809
CHF Agg ex-HFs ex-RAs,FRUS1GR,0.121685
CHF Agg ex-HFs ex-RAs,FRUS1VA,0.121685
CHF Agg ex-HFs ex-RAs,MSEMKF$,0.096067
CHF Agg ex-HFs ex-RAs,LHYIELD,0.078652
CHF Agg ex-HFs ex-RAs,FRUSS2L,0.051236
CHF Agg ex-HFs ex-RAs,MSJPANL,0.044831
CHF Agg ex-HFs ex-RAs,MSPXJPL,0.044831
CHF Agg ex-HFs ex-RAs,PE_BUYOUT,0.037079
CHF Agg ex-HFs ex-RAs,PRIVATE_CREDIT,0.033708
CHF Agg ex-HFs ex-RAs,MSUTDKL,0.032022
CHF Agg ex-HFs ex-RAs,PE_GROWTH,0.020225
CHF Agg ex-HFs ex-RAs,PE_VENTURE,0.010112
CHF Agg Full ex-RAs,LHTRYIN,0.16
CHF Agg Full ex-RAs,MSEXUKL,0.114
CHF Agg Full ex-RAs,FRUS1GR,0.1083
CHF Agg Full ex-RAs,FRUS1VA,0.1083
CHF Agg Full ex-RAs,MSEMKF$,0.0855
CHF Agg Full ex-RAs,LHYIELD,0.07
CHF Agg Full ex-RAs,FRUSS2L,0.0456
CHF Agg Full ex-RAs,CSTLNSH,0.044
CHF Agg Full ex-RAs,MSJPANL,0.0399
CHF Agg Full ex-RAs,MSPXJPL,0.0399
CHF Agg Full ex-RAs,CSTEVDH,0.0385
CHF Agg Full ex-RAs,PE_BUYOUT,0.033
CHF Agg Full ex-RAs,PRIVATE_CREDIT,0.03
CHF Agg Full ex-RAs,MSUTDKL,0.0285
CHF Agg Full ex-RAs,CSFBMTT,0.0275
CHF Agg Full ex-RAs,PE_GROWTH,0.018
CHF Agg Full ex-RAs,PE_VENTURE,0.009
CHF Higher Risk Full,MSEXUKL,0.136
CHF Higher Risk Full,FRUS1GR,0.1292
CHF Higher Risk Full,FRUS1VA,0.1292
CHF Higher Risk Full,MSEMKF$,0.102
CHF Higher Risk Full,LHTRYIN,0.08
CHF Higher Risk Full,FRUSS2L,0.0544
CHF Higher Risk Full,LHYIELD,0.05
CHF Higher Risk Full,MSJPANL,0.0476
CHF Higher Risk Full,MSPXJPL,0.0476
CHF Higher Risk Full,CSTLNSH,0.04
CHF Higher Risk Full,CSTEVDH,0.035
CHF Higher Risk Full,MSUTDKL,0.034
CHF Higher Risk Full,PE_BUYOUT,0.033
CHF Higher Risk Full,CSFBMTT,0.025
CHF Higher Risk Full,PE_GROWTH,0.018
CHF Higher Risk Full,PRIVATE_CREDIT,0.018
CHF Higher Risk Full,PA_REAL_ESTATE,0.012
CHF Higher Risk Full,PE_VENTURE,0.009
CHF Higher Risk Core,MSEXUKL,0.149449
CHF Higher Risk Core,FRUS1GR,0.141978
CHF Higher Risk Core,FRUS1VA,0.141978
CHF Higher Risk Core,MSEMKF$,0.112088
CHF Higher Risk Core,LHTRYIN,0.087912
CHF Higher Risk Core,FRUSS2L,0.05978
CHF Higher Risk Core,LHYIELD,0.054945
CHF Higher Risk Core,MSJPANL,0.052308
CHF Higher Risk Core,MSPXJPL,0.052308
CHF Higher Risk Core,CSTLNSH,0.043956
CHF Higher Risk Core,CSTEVDH,0.038462
CHF Higher Risk Core,MSUTDKL,0.037363
CHF Higher Risk Core,CSFBMTT,0.027473
CHF Higher Risk ex-Alts,MSEXUKL,0.167904
CHF Higher Risk ex-Alts,FRUS1GR,0.159506
CHF Higher Risk ex-Alts,FRUS1VA,0.159506
CHF Higher Risk ex-Alts,MSEMKF$,0.125926
CHF Higher Risk ex-Alts,LHTRYIN,0.098765
CHF Higher Risk ex-Alts,FRUSS2L,0.06716
CHF Higher Risk ex-Alts,LHYIELD,0.061728
CHF Higher Risk ex-Alts,MSJPANL,0.058765
CHF Higher Risk ex-Alts,MSPXJPL,0.058765
CHF Higher Risk ex-Alts,MSUTDKL,0.041975
CHF Higher Risk ex-HFs,MSEXUKL,0.15111
CHF Higher Risk ex-HFs,FRUS1GR,0.143556
CHF Higher Risk ex-HFs,FRUS1VA,0.143556
CHF Higher Risk ex-HFs,MSEMKF$,0.113333
CHF Higher Risk ex-HFs,LHTRYIN,0.088889
CHF Higher Risk ex-HFs,FRUSS2L,0.060444
CHF Higher Risk ex-HFs,LHYIELD,0.055556
CHF Higher Risk ex-HFs,MSJPANL,0.052889
CHF Higher Risk ex-HFs,MSPXJPL,0.052889
CHF Higher Risk ex-HFs,MSUTDKL,0.037778
CHF Higher Risk ex-HFs,PE_BUYOUT,0.036667
CHF Higher Risk ex-HFs,PE_GROWTH,0.02
CHF Higher Risk ex-HFs,PRIVATE_CREDIT,0.02
CHF Higher Risk ex-HFs,PA_REAL_ESTATE,0.013333
CHF Higher Risk ex-HFs,PE_VENTURE,0.01
CHF Higher Risk ex-HFs ex-RAs,MSEXUKL,0.15111
CHF Higher Risk ex-HFs ex-RAs,FRUS1GR,0.143556
CHF Higher Risk ex-HFs ex-RAs,FRUS1VA,0.143556
CHF Higher Risk ex-HFs ex-RAs,MSEMKF$,0.113333
CHF Higher Risk ex-HFs ex-RAs,LHTRYIN,0.088889
CHF Higher Risk ex-HFs ex-RAs,FRUSS2L,0.060444
CHF Higher Risk ex-HFs ex-RAs,LHYIELD,0.055556
CHF Higher Risk ex-HFs ex-RAs,MSJPANL,0.052889
CHF Higher Risk ex-HFs ex-RAs,MSPXJPL,0.052889
CHF Higher Risk ex-HFs ex-RAs,MSUTDKL,0.037778
CHF Higher Risk ex-HFs ex-RAs,PE_BUYOUT,0.036667
CHF Higher Risk ex-HFs ex-RAs,PRIVATE_CREDIT,0.033333
CHF Higher Risk ex-HFs ex-RAs,PE_GROWTH,0.02
CHF Higher Risk ex-HFs ex-RAs,PE_VENTURE,0.01
CHF Higher Risk Full ex-RAs,MSEXUKL,0.136
CHF Higher Risk Full ex-RAs,FRUS1GR,0.1292
CHF Higher Risk Full ex-RAs,FRUS1VA,0.1292
CHF Higher Risk Full ex-RAs,MSEMKF$,0.102
CHF Higher Risk Full ex-RAs,LHTRYIN,0.08
CHF Higher Risk Full ex-RAs,FRUSS2L,0.0544
CHF Higher Risk Full ex-RAs,LHYIELD,0.05
CHF Higher Risk Full ex-RAs,MSJPANL,0.0476
CHF Higher Risk Full ex-RAs,MSPXJPL,0.0476
CHF Higher Risk Full ex-RAs,CSTLNSH,0.04
CHF Higher Risk Full ex-RAs,CSTEVDH,0.035
CHF Higher Risk Full ex-RAs,MSUTDKL,0.034
CHF Higher Risk Full ex-RAs,PE_BUYOUT,0.033
CHF Higher Risk Full ex-RAs,PRIVATE_CREDIT,0.03
CHF Higher Risk Full ex-RAs,CSFBMTT,0.025
CHF Higher Risk Full ex-RAs,PE_GROWTH,0.018
CHF Higher Risk Full ex-RAs,PE_VENTURE,0.009
CHF All Equity,MSEXUKL,0.2
CHF All Equity,FRUS1GR,0.19
CHF All Equity,FRUS1VA,0.19
CHF All Equity,MSEMKF$,0.15
CHF All Equity,FRUSS2L,0.08
CHF All Equity,MSJPANL,0.07
CHF All Equity,MSPXJPL,0.07
CHF All Equity,MSUTDKL,0.05
EUR LowVol Full,LHTRYIN,0.62
EUR LowVol Full,LHYIELD,0.1
EUR LowVol Full,MSEXUKL,0.0384
EUR LowVol Full,CSTLNSH,0.028
EUR LowVol Full,FRUS1GR,0.0272
EUR LowVol Full,FRUS1VA,0.0272
EUR LowVol Full,CSTEVDH,0.0245
EUR LowVol Full,MSEMKF$,0.024
EUR LowVol Full,CSFBMTT,0.0175
EUR LowVol Full,PE_BUYOUT,0.0165
EUR LowVol Full,FRUSS2L,0.0128
EUR LowVol Full,PRIVATE_CREDIT,0.012
EUR LowVol Full,MSJPANL,0.0112
EUR LowVol Full,MSPXJPL,0.0112
EUR LowVol Full,PE_GROWTH,0.009
EUR LowVol Full,MSUTDKL,0.008
EUR LowVol Full,PA_REAL_ESTATE,0.008
EUR LowVol Full,PE_VENTURE,0.0045
EUR LowVol Core,LHTRYIN,0.652632
EUR LowVol Core,LHYIELD,0.105263
EUR LowVol Core,MSEXUKL,0.040421
EUR LowVol Core,CSTLNSH,0.029474
EUR LowVol Core,FRUS1GR,0.028632
EUR LowVol Core,FRUS1VA,0.028632
EUR LowVol Core,CSTEVDH,0.025789
EUR LowVol Core,MSEMKF$,0.025263
EUR LowVol Core,CSFBMTT,0.018421
EUR LowVol Core,FRUSS2L,0.013474
EUR LowVol Core,MSJPANL,0.011789
EUR LowVol Core,MSPXJPL,0.011789
EUR LowVol Core,MSUTDKL,0.008421
EUR LowVol ex-Alts,LHTRYIN,0.704547
EUR LowVol ex-Alts,LHYIELD,0.113636
EUR LowVol ex-Alts,MSEXUKL,0.043636
EUR LowVol ex-Alts,FRUS1GR,0.030909
EUR LowVol ex-Alts,FRUS1VA,0.030909
EUR LowVol ex-Alts,MSEMKF$,0.027273
EUR LowVol ex-Alts,FRUSS2L,0.014545
EUR LowVol ex-Alts,MSJPANL,0.012727
EUR LowVol ex-Alts,MSPXJPL,0.012727
EUR LowVol ex-Alts,MSUTDKL,0.009091
EUR LowVol ex-HFs,LHTRYIN,0.666669
EUR LowVol ex-HFs,LHYIELD,0.107527
EUR LowVol ex-HFs,MSEXUKL,0.04129
EUR LowVol ex-HFs,FRUS1GR,0.029247
EUR LowVol ex-HFs,FRUS1VA,0.029247
EUR LowVol ex-HFs,MSEMKF$,0.025806
EUR LowVol ex-HFs,PE_BUYOUT,0.017742
EUR LowVol ex-HFs,FRUSS2L,0.013763
EUR LowVol ex-HFs,PRIVATE_CREDIT,0.012903
EUR LowVol ex-HFs,MSJPANL,0.012043
EUR LowVol ex-HFs,MSPXJPL,0.012043
EUR LowVol ex-HFs,PE_GROWTH,0.009677
EUR LowVol ex-HFs,MSUTDKL,0.008602
EUR LowVol ex-HFs,PA_REAL_ESTATE,0.008602
EUR LowVol ex-HFs,PE_VENTURE,0.004839
EUR LowVol ex-HFs ex-RAs,LHTRYIN,0.666669
EUR LowVol ex-HFs ex-RAs,LHYIELD,0.107527
EUR LowVol ex-HFs ex-RAs,MSEXUKL,0.04129
EUR LowVol ex-HFs ex-RAs,FRUS1GR,0.029247
EUR LowVol ex-HFs ex-RAs,FRUS1VA,0.029247
EUR LowVol ex-HFs ex-RAs,MSEMKF$,0.025806
EUR LowVol ex-HFs ex-RAs,PRIVATE_CREDIT,0.021505
EUR LowVol ex-HFs ex-RAs,PE_BUYOUT,0.017742
EUR LowVol ex-HFs ex-RAs,FRUSS2L,0.013763
EUR LowVol ex-HFs ex-RAs,MSJPANL,0.012043
EUR LowVol ex-HFs ex-RAs,MSPXJPL,0.012043
EUR LowVol ex-HFs ex-RAs,PE_GROWTH,0.009677
EUR LowVol ex-HFs ex-RAs,MSUTDKL,0.008602
EUR LowVol ex-HFs ex-RAs,PE_VENTURE,0.004839
EUR LowVol Full ex-RAs,LHTRYIN,0.62
EUR LowVol Full ex-RAs,LHYIELD,0.1
EUR LowVol Full ex-RAs,MSEXUKL,0.0384
EUR LowVol Full ex-RAs,CSTLNSH,0.028
EUR LowVol Full ex-RAs,FRUS1GR,0.0272
EUR LowVol Full ex-RAs,FRUS1VA,0.0272
EUR LowVol Full ex-RAs,CSTEVDH,0.0245
EUR LowVol Full ex-RAs,MSEMKF$,0.024
EUR LowVol Full ex-RAs,PRIVATE_CREDIT,0.02
EUR LowVol Full ex-RAs,CSFBMTT,0.0175
EUR LowVol Full ex-RAs,PE_BUYOUT,0.0165
EUR LowVol Full ex-RAs,FRUSS2L,0.0128
EUR LowVol Full ex-RAs,MSJPANL,0.0112
EUR LowVol Full ex-RAs,MSPXJPL,0.0112
EUR LowVol Full ex-RAs,PE_GROWTH,0.009
EUR LowVol Full ex-RAs,MSUTDKL,0.008
EUR LowVol Full ex-RAs,PE_VENTURE,0.0045
EUR Conservative Full,LHTRYIN,0.5
EUR Conservative Full,LHYIELD,0.1
EUR Conservative Full,MSEXUKL,0.0576
EUR Conservative Full,FRUS1GR,0.0408
EUR Conservative Full,FRUS1VA,0.0408
EUR Conservative Full,MSEMKF$,0.036
EUR Conservative Full,CSTLNSH,0.036
EUR Conservative Full,CSTEVDH,0.0315
EUR Conservative Full,CSFBMTT,0.0225
EUR Conservative Full,PE_BUYOUT,0.022
EUR Conservative Full,FRUSS2L,0.0192
EUR Conservative Full,PRIVATE_CREDIT,0.018
EUR Conservative Full,MSJPANL,0.0168
EUR Conservative Full,MSPXJPL,0.0168
EUR Conservative Full,MSUTDKL,0.012
EUR Conservative Full,PE_GROWTH,0.012
EUR Conservative Full,PA_REAL_ESTATE,0.012
EUR Conservative Full,PE_VENTURE,0.006
EUR Conservative Core,LHTRYIN,0.537633
EUR Conservative Core,LHYIELD,0.107527
EUR Conservative Core,MSEXUKL,0.061935
EUR Conservative Core,FRUS1GR,0.043871
EUR Conservative Core,FRUS1VA,0.043871
EUR Conservative Core,MSEMKF$,0.03871
EUR Conservative Core,CSTLNSH,0.03871
EUR Conservative Core,CSTEVDH,0.033871
EUR Conservative Core,CSFBMTT,0.024194
EUR Conservative Core,FRUSS2L,0.020645
EUR Conservative Core,MSJPANL,0.018065
EUR Conservative Core,MSPXJPL,0.018065
EUR Conservative Core,MSUTDKL,0.012903
EUR Conservative ex-Alts,LHTRYIN,0.595239
EUR Conservative ex-Alts,LHYIELD,0.119048
EUR Conservative ex-Alts,MSEXUKL,0.068571
EUR Conservative ex-Alts,FRUS1GR,0.048571
EUR Conservative ex-Alts,FRUS1VA,0.048571
EUR Conservative ex-Alts,MSEMKF$,0.042857
EUR Conservative ex-Alts,FRUSS2L,0.022857
EUR Conservative ex-Alts,MSJPANL,0.02
EUR Conservative ex-Alts,MSPXJPL,0.02
EUR Conservative ex-Alts,MSUTDKL,0.014286
EUR Conservative ex-HFs,LHTRYIN,0.54945
EUR Conservative ex-HFs,LHYIELD,0.10989
EUR Conservative ex-HFs,MSEXUKL,0.063297
EUR Conservative ex-HFs,FRUS1GR,0.044835
EUR Conservative ex-HFs,FRUS1VA,0.044835
EUR Conservative ex-HFs,MSEMKF$,0.03956
EUR Conservative ex-HFs,PE_BUYOUT,0.024176
EUR Conservative ex-HFs,FRUSS2L,0.021099
EUR Conservative ex-HFs,PRIVATE_CREDIT,0.01978
EUR Conservative ex-HFs,MSJPANL,0.018462
EUR Conservative ex-HFs,MSPXJPL,0.018462
EUR Conservative ex-HFs,MSUTDKL,0.013187
EUR Conservative ex-HFs,PE_GROWTH,0.013187
EUR Conservative ex-HFs,PA_REAL_ESTATE,0.013187
EUR Conservative ex-HFs,PE_VENTURE,0.006593
EUR Conservative ex-HFs ex-RAs,LHTRYIN,0.54945
EUR Conservative ex-HFs ex-RAs,LHYIELD,0.10989
EUR Conservative ex-HFs ex-RAs,MSEXUKL,0.063297
EUR Conservative ex-HFs ex-RAs,FRUS1GR,0.044835
EUR Conservative ex-HFs ex-RAs,FRUS1VA,0.044835
EUR Conservative ex-HFs ex-RAs,MSEMKF$,0.03956
EUR Conservative ex-HFs ex-RAs,PRIVATE_CREDIT,0.032967
EUR Conservative ex-HFs ex-RAs,PE_BUYOUT,0.024176
EUR Conservative ex-HFs ex-RAs,FRUSS2L,0.021099
EUR Conservative ex-HFs ex-RAs,MSJPANL,0.018462
EUR Conservative ex-HFs ex-RAs,MSPXJPL,0.018462
EUR Conservative ex-HFs ex-RAs,MSUTDKL,0.013187
EUR Conservative ex-HFs ex-RAs,PE_GROWTH,0.013187
EUR Conservative ex-HFs ex-RAs,PE_VENTURE,0.006593
EUR Conservative Full ex-RAs,LHTRYIN,0.5
EUR Conservative Full ex-RAs,LHYIELD,0.1
EUR Conservative Full ex-RAs,MSEXUKL,0.0576
EUR Conservative Full ex-RAs,FRUS1GR,0.0408
EUR Conservative Full ex-RAs,FRUS1VA,0.0408
EUR Conservative Full ex-RAs,MSEMKF$,0.036
EUR Conservative Full ex-RAs,CSTLNSH,0.036
EUR Conservative Full ex-RAs,CSTEVDH,0.0315
EUR Conservative Full ex-RAs,PRIVATE_CREDIT,0.03
EUR Conservative Full ex-RAs,CSFBMTT,0.0225
EUR Conservative Full ex-RAs,PE_BUYOUT,0.022
EUR Conservative Full ex-RAs,FRUSS2L,0.0192
EUR Conservative Full ex-RAs,MSJPANL,0.0168
EUR Conservative Full ex-RAs,MSPXJPL,0.0168
EUR Conservative Full ex-RAs,MSUTDKL,0.012
EUR Conservative Full ex-RAs,PE_GROWTH,0.012
EUR Conservative Full ex-RAs,PE_VENTURE,0.006
EUR ConsMod Full,LHTRYIN,0.4
EUR ConsMod Full,LHYIELD,0.09
EUR ConsMod Full,MSEXUKL,0.0768
EUR ConsMod Full,FRUS1GR,0.0544
EUR ConsMod Full,FRUS1VA,0.0544
EUR ConsMod Full,MSEMKF$,0.048
EUR ConsMod Full,CSTLNSH,0.04
EUR ConsMod Full,CSTEVDH,0.035
EUR ConsMod Full,PE_BUYOUT,0.0275
EUR ConsMod Full,FRUSS2L,0.0256
EUR ConsMod Full,CSFBMTT,0.025
EUR ConsMod Full,PRIVATE_CREDIT,0.024
EUR ConsMod Full,MSJPANL,0.0224
EUR ConsMod Full,MSPXJPL,0.0224
EUR ConsMod Full,MSUTDKL,0.016
EUR ConsMod Full,PA_REAL_ESTATE,0.016
EUR ConsMod Full,PE_GROWTH,0.015
EUR ConsMod Full,PE_VENTURE,0.0075
EUR ConsMod Core,LHTRYIN,0.439561
EUR ConsMod Core,LHYIELD,0.098901
EUR ConsMod Core,MSEXUKL,0.084396
EUR ConsMod Core,FRUS1GR,0.05978
EUR ConsMod Core,FRUS1VA,0.05978
EUR ConsMod Core,MSEMKF$,0.052747
EUR ConsMod Core,CSTLNSH,0.043956
EUR ConsMod Core,CSTEVDH,0.038462
EUR ConsMod Core,FRUSS2L,0.028132
EUR ConsMod Core,CSFBMTT,0.027473
EUR ConsMod Core,MSJPANL,0.024615
EUR ConsMod Core,MSPXJPL,0.024615
EUR ConsMod Core,MSUTDKL,0.017582
EUR ConsMod ex-Alts,LHTRYIN,0.493829
EUR ConsMod ex-Alts,LHYIELD,0.111111
EUR ConsMod ex-Alts,MSEXUKL,0.094815
EUR ConsMod ex-Alts,FRUS1GR,0.06716
EUR ConsMod ex-Alts,FRUS1VA,0.06716
EUR ConsMod ex-Alts,MSEMKF$,0.059259
EUR ConsMod ex-Alts,FRUSS2L,0.031605
EUR ConsMod ex-Alts,MSJPANL,0.027654
EUR ConsMod ex-Alts,MSPXJPL,0.027654
EUR ConsMod ex-Alts,MSUTDKL,0.019753
EUR ConsMod ex-HFs,LHTRYIN,0.444445
EUR ConsMod ex-HFs,LHYIELD,0.1
EUR ConsMod ex-HFs,MSEXUKL,0.085333
EUR ConsMod ex-HFs,FRUS1GR,0.060444
EUR ConsMod ex-HFs,FRUS1VA,0.060444
EUR ConsMod ex-HFs,MSEMKF$,0.053333
EUR ConsMod ex-HFs,PE_BUYOUT,0.030556
EUR ConsMod ex-HFs,FRUSS2L,0.028444
EUR ConsMod ex-HFs,PRIVATE_CREDIT,0.026667
EUR ConsMod ex-HFs,MSJPANL,0.024889
EUR ConsMod ex-HFs,MSPXJPL,0.024889
EUR ConsMod ex-HFs,MSUTDKL,0.017778
EUR ConsMod ex-HFs,PA_REAL_ESTATE,0.017778
EUR ConsMod ex-HFs,PE_GROWTH,0.016667
EUR ConsMod ex-HFs,PE_VENTURE,0.008333
EUR ConsMod ex-HFs ex-RAs,LHTRYIN,0.444446
EUR ConsMod ex-HFs ex-RAs,LHYIELD,0.1
EUR ConsMod ex-HFs ex-RAs,MSEXUKL,0.085333
EUR ConsMod ex-HFs ex-RAs,FRUS1GR,0.060444
EUR ConsMod ex-HFs ex-RAs,FRUS1VA,0.060444
EUR ConsMod ex-HFs ex-RAs,MSEMKF$,0.053333
EUR ConsMod ex-HFs ex-RAs,PRIVATE_CREDIT,0.044444
EUR ConsMod ex-HFs ex-RAs,PE_BUYOUT,0.030556
EUR ConsMod ex-HFs ex-RAs,FRUSS2L,0.028444
EUR ConsMod ex-HFs ex-RAs,MSJPANL,0.024889
EUR ConsMod ex-HFs ex-RAs,MSPXJPL,0.024889
EUR ConsMod ex-HFs ex-RAs,MSUTDKL,0.017778
EUR ConsMod ex-HFs ex-RAs,PE_GROWTH,0.016667
EUR ConsMod ex-HFs ex-RAs,PE_VENTURE,0.008333
EUR ConsMod Full ex-RAs,LHTRYIN,0.4
EUR ConsMod Full ex-RAs,LHYIELD,0.09
EUR ConsMod Full ex-RAs,MSEXUKL,0.0768
EUR ConsMod Full ex-RAs,FRUS1GR,0.0544
EUR ConsMod Full ex-RAs,FRUS1VA,0.0544
EUR ConsMod Full ex-RAs,MSEMKF$,0.048
EUR ConsMod Full ex-RAs,CSTLNSH,0.04
EUR ConsMod Full ex-RAs,PRIVATE_CREDIT,0.04
EUR ConsMod Full ex-RAs,CSTEVDH,0.035
EUR ConsMod Full ex-RAs,PE_BUYOUT,0.0275
EUR ConsMod Full ex-RAs,FRUSS2L,0.0256
EUR ConsMod Full ex-RAs,CSFBMTT,0.025
EUR ConsMod Full ex-RAs,MSJPANL,0.0224
EUR ConsMod Full ex-RAs,MSPXJPL,0.0224
EUR ConsMod Full ex-RAs,MSUTDKL,0.016
EUR ConsMod Full ex-RAs,PE_GROWTH,0.015
EUR ConsMod Full ex-RAs,PE_VENTURE,0.0075
EUR Moderate Full,LHTRYIN,0.34
EUR Moderate Full,MSEXUKL,0.0912
EUR Moderate Full,LHYIELD,0.09
EUR Moderate Full,FRUS1GR,0.0646
EUR Moderate Full,FRUS1VA,0.0646
EUR Moderate Full,MSEMKF$,0.057
EUR Moderate Full,CSTLNSH,0.04
EUR Moderate Full,CSTEVDH,0.035
EUR Moderate Full,FRUSS2L,0.0304
EUR Moderate Full,PE_BUYOUT,0.0275
EUR Moderate Full,MSJPANL,0.0266
EUR Moderate Full,MSPXJPL,0.0266
EUR Moderate Full,CSFBMTT,0.025
EUR Moderate Full,PRIVATE_CREDIT,0.024
EUR Moderate Full,MSUTDKL,0.019
EUR Moderate Full,PA_REAL_ESTATE,0.016
EUR Moderate Full,PE_GROWTH,0.015
EUR Moderate Full,PE_VENTURE,0.0075
EUR Moderate Core,LHTRYIN,0.373625
EUR Moderate Core,MSEXUKL,0.10022
EUR Moderate Core,LHYIELD,0.098901
EUR Moderate Core,FRUS1GR,0.070989
EUR Moderate Core,FRUS1VA,0.070989
EUR Moderate Core,MSEMKF$,0.062637
EUR Moderate Core,CSTLNSH,0.043956
EUR Moderate Core,CSTEVDH,0.038462
EUR Moderate Core,FRUSS2L,0.033407
EUR Moderate Core,MSJPANL,0.029231
EUR Moderate Core,MSPXJPL,0.029231
EUR Moderate Core,CSFBMTT,0.027473
EUR Moderate Core,MSUTDKL,0.020879
EUR Moderate ex-Alts,LHTRYIN,0.419752
EUR Moderate ex-Alts,MSEXUKL,0.112593
EUR Moderate ex-Alts,LHYIELD,0.111111
EUR Moderate ex-Alts,FRUS1GR,0.079753
EUR Moderate ex-Alts,FRUS1VA,0.079753
EUR Moderate ex-Alts,MSEMKF$,0.07037
EUR Moderate ex-Alts,FRUSS2L,0.037531
EUR Moderate ex-Alts,MSJPANL,0.03284
EUR Moderate ex-Alts,MSPXJPL,0.03284
EUR Moderate ex-Alts,MSUTDKL,0.023457
EUR Moderate ex-HFs,LHTRYIN,0.377776
EUR Moderate ex-HFs,MSEXUKL,0.101333
EUR Moderate ex-HFs,LHYIELD,0.1
EUR Moderate ex-HFs,FRUS1GR,0.071778
EUR Moderate ex-HFs,FRUS1VA,0.071778
EUR Moderate ex-HFs,MSEMKF$,0.063333
EUR Moderate ex-HFs,FRUSS2L,0.033778
EUR Moderate ex-HFs,PE_BUYOUT,0.030556
EUR Moderate ex-HFs,MSJPANL,0.029556
EUR Moderate ex-HFs,MSPXJPL,0.029556
EUR Moderate ex-HFs,PRIVATE_CREDIT,0.026667
EUR Moderate ex-HFs,MSUTDKL,0.021111
EUR Moderate ex-HFs,PA_REAL_ESTATE,0.017778
EUR Moderate ex-HFs,PE_GROWTH,0.016667
EUR Moderate ex-HFs,PE_VENTURE,0.008333
EUR Moderate ex-HFs ex-RAs,LHTRYIN,0.377777
EUR Moderate ex-HFs ex-RAs,MSEXUKL,0.101333
EUR Moderate ex-HFs ex-RAs,LHYIELD,0.1
EUR Moderate ex-HFs ex-RAs,FRUS1GR,0.071778
EUR Moderate ex-HFs ex-RAs,FRUS1VA,0.071778
EUR Moderate ex-HFs ex-RAs,MSEMKF$,0.063333
EUR Moderate ex-HFs ex-RAs,PRIVATE_CREDIT,0.044444
EUR Moderate ex-HFs ex-RAs,FRUSS2L,0.033778
EUR Moderate ex-HFs ex-RAs,PE_BUYOUT,0.030556
EUR Moderate ex-HFs ex-RAs,MSJPANL,0.029556
EUR Moderate ex-HFs ex-RAs,MSPXJPL,0.029556
EUR Moderate ex-HFs ex-RAs,MSUTDKL,0.021111
EUR Moderate ex-HFs ex-RAs,PE_GROWTH,0.016667
EUR Moderate ex-HFs ex-RAs,PE_VENTURE,0.008333
EUR Moderate Full ex-RAs,LHTRYIN,0.34
EUR Moderate Full ex-RAs,MSEXUKL,0.0912
EUR Moderate Full ex-RAs,LHYIELD,0.09
EUR Moderate Full ex-RAs,FRUS1GR,0.0646
EUR Moderate Full ex-RAs,FRUS1VA,0.0646
EUR Moderate Full ex-RAs,MSEMKF$,0.057
EUR Moderate Full ex-RAs,CSTLNSH,0.04
EUR Moderate Full ex-RAs,PRIVATE_CREDIT,0.04
EUR Moderate Full ex-RAs,CSTEVDH,0.035
EUR Moderate Full ex-RAs,FRUSS2L,0.0304
EUR Moderate Full ex-RAs,PE_BUYOUT,0.0275
EUR Moderate Full ex-RAs,MSJPANL,0.0266
EUR Moderate Full ex-RAs,MSPXJPL,0.0266
EUR Moderate Full ex-RAs,CSFBMTT,0.025
EUR Moderate Full ex-RAs,MSUTDKL,0.019
EUR Moderate Full ex-RAs,PE_GROWTH,0.015
EUR Moderate Full ex-RAs,PE_VENTURE,0.0075
EUR ModAgg Full,LHTRYIN,0.25
EUR ModAgg Full,MSEXUKL,0.1128
EUR ModAgg Full,LHYIELD,0.08
EUR ModAgg Full,FRUS1GR,0.0799
EUR ModAgg Full,FRUS1VA,0.0799
EUR ModAgg Full,MSEMKF$,0.0705
EUR ModAgg Full,CSTLNSH,0.044
EUR ModAgg Full,CSTEVDH,0.0385
EUR ModAgg Full,FRUSS2L,0.0376
EUR ModAgg Full,PE_BUYOUT,0.033
EUR ModAgg Full,MSJPANL,0.0329
EUR ModAgg Full,MSPXJPL,0.0329
EUR ModAgg Full,CSFBMTT,0.0275
EUR ModAgg Full,MSUTDKL,0.0235
EUR ModAgg Full,PE_GROWTH,0.018
EUR ModAgg Full,PRIVATE_CREDIT,0.018
EUR ModAgg Full,PA_REAL_ESTATE,0.012
EUR ModAgg Full,PE_VENTURE,0.009
EUR ModAgg Core,LHTRYIN,0.274724
EUR ModAgg Core,MSEXUKL,0.123956
EUR ModAgg Core,LHYIELD,0.087912
EUR ModAgg Core,FRUS1GR,0.087802
EUR ModAgg Core,FRUS1VA,0.087802
EUR ModAgg Core,MSEMKF$,0.077473
EUR ModAgg Core,CSTLNSH,0.048352
EUR ModAgg Core,CSTEVDH,0.042308
EUR ModAgg Core,FRUSS2L,0.041319
EUR ModAgg Core,MSJPANL,0.036154
EUR ModAgg Core,MSPXJPL,0.036154
EUR ModAgg Core,CSFBMTT,0.03022
EUR ModAgg Core,MSUTDKL,0.025824
EUR ModAgg ex-Alts,LHTRYIN,0.3125
EUR ModAgg ex-Alts,MSEXUKL,0.141
EUR ModAgg ex-Alts,LHYIELD,0.1
EUR ModAgg ex-Alts,FRUS1GR,0.099875
EUR ModAgg ex-Alts,FRUS1VA,0.099875
EUR ModAgg ex-Alts,MSEMKF$,0.088125
EUR ModAgg ex-Alts,FRUSS2L,0.047
EUR ModAgg ex-Alts,MSJPANL,0.041125
EUR ModAgg ex-Alts,MSPXJPL,0.041125
EUR ModAgg ex-Alts,MSUTDKL,0.029375
EUR ModAgg ex-HFs,LHTRYIN,0.2809
EUR ModAgg ex-HFs,MSEXUKL,0.126742
EUR ModAgg ex-HFs,LHYIELD,0.089888
EUR ModAgg ex-HFs,FRUS1GR,0.089775
EUR ModAgg ex-HFs,FRUS1VA,0.089775
EUR ModAgg ex-HFs,MSEMKF$,0.079213
EUR ModAgg ex-HFs,FRUSS2L,0.042247
EUR ModAgg ex-HFs,PE_BUYOUT,0.037079
EUR ModAgg ex-HFs,MSJPANL,0.036966
EUR ModAgg ex-HFs,MSPXJPL,0.036966
EUR ModAgg ex-HFs,MSUTDKL,0.026404
EUR ModAgg ex-HFs,PE_GROWTH,0.020225
EUR ModAgg ex-HFs,PRIVATE_CREDIT,0.020225
EUR ModAgg ex-HFs,PA_REAL_ESTATE,0.013483
EUR ModAgg ex-HFs,PE_VENTURE,0.010112
EUR ModAgg ex-HFs ex-RAs,LHTRYIN,0.2809
EUR ModAgg ex-HFs ex-RAs,MSEXUKL,0.126742
EUR ModAgg ex-HFs ex-RAs,LHYIELD,0.089888
EUR ModAgg ex-HFs ex-RAs,FRUS1GR,0.089775
EUR ModAgg ex-HFs ex-RAs,FRUS1VA,0.089775
EUR ModAgg ex-HFs ex-RAs,MSEMKF$,0.079213
EUR ModAgg ex-HFs ex-RAs,FRUSS2L,0.042247
EUR ModAgg ex-HFs ex-RAs,PE_BUYOUT,0.037079
EUR ModAgg ex-HFs ex-RAs,MSJPANL,0.036966
EUR ModAgg ex-HFs ex-RAs,MSPXJPL,0.036966
EUR ModAgg ex-HFs ex-RAs,PRIVATE_CREDIT,0.033708
EUR ModAgg ex-HFs ex-RAs,MSUTDKL,0.026404
EUR ModAgg ex-HFs ex-RAs,PE_GROWTH,0.020225
EUR ModAgg ex-HFs ex-RAs,PE_VENTURE,0.010112
EUR ModAgg Full ex-RAs,LHTRYIN,0.25
EUR ModAgg Full ex-RAs,MSEXUKL,0.1128
EUR ModAgg Full ex-RAs,LHYIELD,0.08
EUR ModAgg Full ex-RAs,FRUS1GR,0.0799
EUR ModAgg Full ex-RAs,FRUS1VA,0.0799
EUR ModAgg Full ex-RAs,MSEMKF$,0.0705
EUR ModAgg Full ex-RAs,CSTLNSH,0.044
EUR ModAgg Full ex-RAs,CSTEVDH,0.0385
EUR ModAgg Full ex-RAs,FRUSS2L,0.0376
EUR ModAgg Full ex-RAs,PE_BUYOUT,0.033
EUR ModAgg Full ex-RAs,MSJPANL,0.0329
EUR ModAgg Full ex-RAs,MSPXJPL,0.0329
EUR ModAgg Full ex-RAs,PRIVATE_CREDIT,0.03
EUR ModAgg Full ex-RAs,CSFBMTT,0.0275
EUR ModAgg Full ex-RAs,MSUTDKL,0.0235
EUR ModAgg Full ex-RAs,PE_GROWTH,0.018
EUR ModAgg Full ex-RAs,PE_VENTURE,0.009
EUR Agg Full,LHTRYIN,0.16
EUR Agg Full,MSEXUKL,0.1368
EUR Agg Full,FRUS1GR,0.0969
EUR Agg Full,FRUS1VA,0.0969
EUR Agg Full,MSEMKF$,0.0855
EUR Agg Full,LHYIELD,0.07
EUR Agg Full,FRUSS2L,0.0456
EUR Agg Full,CSTLNSH,0.044
EUR Agg Full,MSJPANL,0.0399
EUR Agg Full,MSPXJPL,0.0399
EUR Agg Full,CSTEVDH,0.0385
EUR Agg Full,PE_BUYOUT,0.033
EUR Agg Full,MSUTDKL,0.0285
EUR Agg Full,CSFBMTT,0.0275
EUR Agg Full,PE_GROWTH,0.018
EUR Agg Full,PRIVATE_CREDIT,0.018
EUR Agg Full,PA_REAL_ESTATE,0.012
EUR Agg Full,PE_VENTURE,0.009
EUR Agg Core,LHTRYIN,0.175822
EUR Agg Core,MSEXUKL,0.15033
EUR Agg Core,FRUS1GR,0.106484
EUR Agg Core,FRUS1VA,0.106484
EUR Agg Core,MSEMKF$,0.093956
EUR Agg Core,LHYIELD,0.076923
EUR Agg Core,FRUSS2L,0.05011
EUR Agg Core,CSTLNSH,0.048352
EUR Agg Core,MSJPANL,0.043846
EUR Agg Core,MSPXJPL,0.043846
EUR Agg Core,CSTEVDH,0.042308
EUR Agg Core,MSUTDKL,0.031319
EUR Agg Core,CSFBMTT,0.03022
EUR Agg ex-Alts,LHTRYIN,0.2
EUR Agg ex-Alts,MSEXUKL,0.171
EUR Agg ex-Alts,FRUS1GR,0.121125
EUR Agg ex-Alts,FRUS1VA,0.121125
EUR Agg ex-Alts,MSEMKF$,0.106875
EUR Agg ex-Alts,LHYIELD,0.0875
EUR Agg ex-Alts,FRUSS2L,0.057
EUR Agg ex-Alts,MSJPANL,0.049875
EUR Agg ex-Alts,MSPXJPL,0.049875
EUR Agg ex-Alts,MSUTDKL,0.035625
EUR Agg ex-HFs,LHTRYIN,0.179777
EUR Agg ex-HFs,MSEXUKL,0.153708
EUR Agg ex-HFs,FRUS1GR,0.108876
EUR Agg ex-HFs,FRUS1VA,0.108876
EUR Agg ex-HFs,MSEMKF$,0.096067
EUR Agg ex-HFs,LHYIELD,0.078652
EUR Agg ex-HFs,FRUSS2L,0.051236
EUR Agg ex-HFs,MSJPANL,0.044831
EUR Agg ex-HFs,MSPXJPL,0.044831
EUR Agg ex-HFs,PE_BUYOUT,0.037079
EUR Agg ex-HFs,MSUTDKL,0.032022
EUR Agg ex-HFs,PE_GROWTH,0.020225
EUR Agg ex-HFs,PRIVATE_CREDIT,0.020225
EUR Agg ex-HFs,PA_REAL_ESTATE,0.013483
EUR Agg ex-HFs,PE_VENTURE,0.010112
EUR Agg ex-HFs ex-RAs,LHTRYIN,0.179777
EUR Agg ex-HFs ex-RAs,MSEXUKL,0.153708
EUR Agg ex-HFs ex-RAs,FRUS1GR,0.108876
EUR Agg ex-HFs ex-RAs,FRUS1VA,0.108876
EUR Agg ex-HFs ex-RAs,MSEMKF$,0.096067
EUR Agg ex-HFs ex-RAs,LHYIELD,0.078652
EUR Agg ex-HFs ex-RAs,FRUSS2L,0.051236
EUR Agg ex-HFs ex-RAs,MSJPANL,0.044831
EUR Agg ex-HFs ex-RAs,MSPXJPL,0.044831
EUR Agg ex-HFs ex-RAs,PE_BUYOUT,0.037079
EUR Agg ex-HFs ex-RAs,PRIVATE_CREDIT,0.033708
EUR Agg ex-HFs ex-RAs,MSUTDKL,0.032022
EUR Agg ex-HFs ex-RAs,PE_GROWTH,0.020225
EUR Agg ex-HFs ex-RAs,PE_VENTURE,0.010112
EUR Agg Full ex-RAs,LHTRYIN,0.16
EUR Agg Full ex-RAs,MSEXUKL,0.1368
EUR Agg Full ex-RAs,FRUS1GR,0.0969
EUR Agg Full ex-RAs,FRUS1VA,0.0969
EUR Agg Full ex-RAs,MSEMKF$,0.0855
EUR Agg Full ex-RAs,LHYIELD,0.07
EUR Agg Full ex-RAs,FRUSS2L,0.0456
EUR Agg Full ex-RAs,CSTLNSH,0.044
EUR Agg Full ex-RAs,MSJPANL,0.0399
EUR Agg Full ex-RAs,MSPXJPL,0.0399
EUR Agg Full ex-RAs,CSTEVDH,0.0385
EUR Agg Full ex-RAs,PE_BUYOUT,0.033
EUR Agg Full ex-RAs,PRIVATE_CREDIT,0.03
EUR Agg Full ex-RAs,MSUTDKL,0.0285
EUR Agg Full ex-RAs,CSFBMTT,0.0275
EUR Agg Full ex-RAs,PE_GROWTH,0.018
EUR Agg Full ex-RAs,PE_VENTURE,0.009
EUR Higher Risk Full,MSEXUKL,0.1632
EUR Higher Risk Full,FRUS1GR,0.1156
EUR Higher Risk Full,FRUS1VA,0.1156
EUR Higher Risk Full,MSEMKF$,0.102
EUR Higher Risk Full,LHTRYIN,0.08
EUR Higher Risk Full,FRUSS2L,0.0544
EUR Higher Risk Full,LHYIELD,0.05
EUR Higher Risk Full,MSJPANL,0.0476
EUR Higher Risk Full,MSPXJPL,0.0476
EUR Higher Risk Full,CSTLNSH,0.04
EUR Higher Risk Full,CSTEVDH,0.035
EUR Higher Risk Full,MSUTDKL,0.034
EUR Higher Risk Full,PE_BUYOUT,0.033
EUR Higher Risk Full,CSFBMTT,0.025
EUR Higher Risk Full,PE_GROWTH,0.018
EUR Higher Risk Full,PRIVATE_CREDIT,0.018
EUR Higher Risk Full,PA_REAL_ESTATE,0.012
EUR Higher Risk Full,PE_VENTURE,0.009
EUR Higher Risk Core,MSEXUKL,0.179339
EUR Higher Risk Core,FRUS1GR,0.127033
EUR Higher Risk Core,FRUS1VA,0.127033
EUR Higher Risk Core,MSEMKF$,0.112088
EUR Higher Risk Core,LHTRYIN,0.087912
EUR Higher Risk Core,FRUSS2L,0.05978
EUR Higher Risk Core,LHYIELD,0.054945
EUR Higher Risk Core,MSJPANL,0.052308
EUR Higher Risk Core,MSPXJPL,0.052308
EUR Higher Risk Core,CSTLNSH,0.043956
EUR Higher Risk Core,CSTEVDH,0.038462
EUR Higher Risk Core,MSUTDKL,0.037363
EUR Higher Risk Core,CSFBMTT,0.027473
EUR Higher Risk ex-Alts,MSEXUKL,0.201484
EUR Higher Risk ex-Alts,FRUS1GR,0.142716
EUR Higher Risk ex-Alts,FRUS1VA,0.142716
EUR Higher Risk ex-Alts,MSEMKF$,0.125926
EUR Higher Risk ex-Alts,LHTRYIN,0.098765
EUR Higher Risk ex-Alts,FRUSS2L,0.06716
EUR Higher Risk ex-Alts,LHYIELD,0.061728
EUR Higher Risk ex-Alts,MSJPANL,0.058765
EUR Higher Risk ex-Alts,MSPXJPL,0.058765
EUR Higher Risk ex-Alts,MSUTDKL,0.041975
EUR Higher Risk ex-HFs,MSEXUKL,0.181334
EUR Higher Risk ex-HFs,FRUS1GR,0.128444
EUR Higher Risk ex-HFs,FRUS1VA,0.128444
EUR Higher Risk ex-HFs,MSEMKF$,0.113333
EUR Higher Risk ex-HFs,LHTRYIN,0.088889
EUR Higher Risk ex-HFs,FRUSS2L,0.060444
EUR Higher Risk ex-HFs,LHYIELD,0.055556
EUR Higher Risk ex-HFs,MSJPANL,0.052889
EUR Higher Risk ex-HFs,MSPXJPL,0.052889
EUR Higher Risk ex-HFs,MSUTDKL,0.037778
EUR Higher Risk ex-HFs,PE_BUYOUT,0.036667
EUR Higher Risk ex-HFs,PE_GROWTH,0.02
EUR Higher Risk ex-HFs,PRIVATE_CREDIT,0.02
EUR Higher Risk ex-HFs,PA_REAL_ESTATE,0.013333
EUR Higher Risk ex-HFs,PE_VENTURE,0.01
EUR Higher Risk ex-HFs ex-RAs,MSEXUKL,0.181334
EUR Higher Risk ex-HFs ex-RAs,FRUS1GR,0.128444
EUR Higher Risk ex-HFs ex-RAs,FRUS1VA,0.128444
EUR Higher Risk ex-HFs ex-RAs,MSEMKF$,0.113333
EUR Higher Risk ex-HFs ex-RAs,LHTRYIN,0.088889
EUR Higher Risk ex-HFs ex-RAs,FRUSS2L,0.060444
EUR Higher Risk ex-HFs ex-RAs,LHYIELD,0.055556
EUR Higher Risk ex-HFs ex-RAs,MSJPANL,0.052889
EUR Higher Risk ex-HFs ex-RAs,MSPXJPL,0.052889
EUR Higher Risk ex-HFs ex-RAs,MSUTDKL,0.037778
EUR Higher Risk ex-HFs ex-RAs,PE_BUYOUT,0.036667
EUR Higher Risk ex-HFs ex-RAs,PRIVATE_CREDIT,0.033333
EUR Higher Risk ex-HFs ex-RAs,PE_GROWTH,0.02
EUR Higher Risk ex-HFs ex-RAs,PE_VENTURE,0.01
EUR Higher Risk Full ex-RAs,MSEXUKL,0.1632
EUR Higher Risk Full ex-RAs,FRUS1GR,0.1156
EUR Higher Risk Full ex-RAs,FRUS1VA,0.1156
EUR Higher Risk Full ex-RAs,MSEMKF$,0.102
EUR Higher Risk Full ex-RAs,LHTRYIN,0.08
EUR Higher Risk Full ex-RAs,FRUSS2L,0.0544
EUR Higher Risk Full ex-RAs,LHYIELD,0.05
EUR Higher Risk Full ex-RAs,MSJPANL,0.0476
EUR Higher Risk Full ex-RAs,MSPXJPL,0.0476
EUR Higher Risk Full ex-RAs,CSTLNSH,0.04
EUR Higher Risk Full ex-RAs,CSTEVDH,0.035
EUR Higher Risk Full ex-RAs,MSUTDKL,0.034
EUR Higher Risk Full ex-RAs,PE_BUYOUT,0.033
EUR Higher Risk Full ex-RAs,PRIVATE_CREDIT,0.03
EUR Higher Risk Full ex-RAs,CSFBMTT,0.025
EUR Higher Risk Full ex-RAs,PE_GROWTH,0.018
EUR Higher Risk Full ex-RAs,PE_VENTURE,0.009
EUR All Equity,MSEXUKL,0.24
EUR All Equity,FRUS1GR,0.17
EUR All Equity,FRUS1VA,0.17
EUR All Equity,MSEMKF$,0.15
EUR All Equity,FRUSS2L,0.08
EUR All Equity,MSJPANL,0.07
EUR All Equity,MSPXJPL,0.07
EUR All Equity,MSUTDKL,0.05
